account_id,monthly_login_freq,num_support_tickets,contract_length_months,avg_product_usage_hours,num_users,nps_score,has_admin_activity,last_activity_days_ago,avg_session_length,feature_adoption_score,customer_satisfaction_score,city,gender,churned,is_heavy_user
A0001,21,5.0,6,28.16,58,6.390714153011232,0,5,1.51,89.98,8.42,Chicago,Female,0,1
A0002,13,5.0,6,18.7,33,0.7927356988288152,1,20,1.33,11.82,1.33,New York,Female,1,0
A0003,23,5.0,6,32.73,61,5.267688538100692,0,2,0.48,31.07,6.6,Austin,Female,0,1
A0004,25,5.0,6,9.25,4,5.548029856408025,0,34,2.04,77.84,5.75,Chicago,Male,1,1
A0005,16,18.0,24,29.08,99,-0.0171533747233359,0,4,1.92,54.32,0.31,Austin,Female,0,1
A0006,15,9.0,12,30.16,41,1.1728630430508191,0,6,0.86,83.23,2.01,New York,Male,1,0
A0007,19,18.0,24,37.95,63,3.4552128155073913,1,44,1.53,11.16,2.68,New York,Male,1,1
A0008,23,9.0,12,39.74,65,1.2784347291529088,0,12,0.94,92.06,0.73,New York,Male,1,1
A0009,17,5.0,6,24.96,98,2.015525614065048,1,6,1.2,93.49,3.55,Chicago,Male,0,0
A0010,17,9.0,12,28.49,20,0.7315600435859646,1,44,1.74,15.53,0.27,Austin,Male,0,0
A0011,17,5.0,6,22.34,19,3.4075823071875377,0,5,1.91,3.39,5.53,Austin,Male,0,0
A0012,23,9.0,12,18.72,41,1.018270246429743,0,1,1.89,98.98,2.12,Chicago,Male,0,1
A0013,23,5.0,6,33.1,73,2.250962271566034,1,86,1.62,48.23,2.87,New York,Female,0,1
A0014,15,18.0,24,17.26,56,4.456719755342201,0,4,2.14,57.21,9.1,San Francisco,Female,0,1
A0015,22,4.0,6,25.85,96,1.7960821674869671,0,28,1.19,61.59,5.03,New York,Female,1,1
A0016,15,5.0,6,20.05,78,1.3207124707590272,0,2,1.31,78.97,2.69,San Francisco,Male,0,0
A0017,19,18.0,24,35.5,37,3.1731688796655764,0,19,0.2,81.2,5.98,New York,Male,1,0
A0018,15,2.0,3,48.01,13,1.728247332595274,0,11,1.45,19.39,2.02,Chicago,Female,0,0
A0019,19,9.0,12,16.98,63,-0.3900240755212111,0,59,1.79,23.66,0.74,San Francisco,Male,1,0
A0020,20,9.0,12,11.47,46,-1.2653037013352917,0,12,1.64,87.68,0.21,Chicago,Male,1,0
A0021,12,18.0,24,28.75,70,8.129648768921554,0,0,1.19,81.95,9.52,San Francisco,Male,0,0
A0022,18,18.0,24,30.16,27,4.849223699513463,1,13,1.92,61.76,7.25,Austin,Male,1,1
A0023,23,18.0,24,32.19,50,5.667528204687923,0,2,1.46,99.47,8.0,San Francisco,Male,0,1
A0024,17,2.0,3,25.54,34,5.442251813786543,1,24,1.88,73.52,9.81,San Francisco,Male,1,0
A0025,24,18.0,24,27.99,86,5.979617275474817,0,29,1.74,21.58,9.32,San Francisco,Male,0,1
A0026,24,9.0,12,33.68,97,5.269922589709866,1,9,2.21,84.66,7.37,Austin,Male,1,1
A0027,23,9.0,12,40.4,6,3.707006422577697,0,22,1.67,41.47,6.94,Chicago,Male,0,1
A0028,18,5.0,6,10.45,40,2.734698018345672,1,2,1.8,3.62,3.37,Austin,Male,0,0
A0029,27,9.0,12,26.31,65,0.127361310081195,0,10,1.46,32.14,1.04,San Francisco,Male,0,0
A0030,19,18.0,24,32.14,49,3.726306250206723,1,7,1.25,76.36,5.74,New York,Male,1,0
A0031,16,18.0,24,20.82,3,3.430293387770603,0,14,1.75,96.02,5.76,Austin,Female,1,0
A0032,22,9.0,12,47.31,5,8.516278184508938,0,0,2.25,27.61,9.52,New York,Male,0,1
A0033,24,2.0,3,23.65,88,3.0875027752620654,0,20,1.19,24.65,4.43,Austin,Male,1,0
A0034,14,4.0,6,29.59,64,3.7792890710441,1,1,1.38,56.36,6.91,Austin,Female,0,1
A0035,25,18.0,24,35.56,66,4.847544912103189,1,16,1.51,81.17,5.75,San Francisco,Female,1,1
A0036,22,9.0,12,24.09,19,0.0181563500289776,0,0,1.84,74.65,1.77,Chicago,Female,0,1
A0037,20,9.0,12,11.53,80,4.352863595004756,1,26,1.67,56.0,5.92,Chicago,Male,0,1
A0038,17,2.0,3,25.71,64,1.820329876120224,1,2,1.96,63.14,5.4,San Francisco,Male,0,1
A0039,25,9.0,12,40.29,37,2.1298139511015695,1,10,2.49,24.21,4.94,Austin,Female,0,1
A0040,20,9.0,12,26.63,15,3.7878612358691233,1,4,1.18,43.26,5.13,Chicago,Female,0,0
A0041,14,18.0,24,21.54,37,1.8864665799954103,1,19,1.8,25.54,1.64,Chicago,Female,0,0
A0042,17,9.0,12,39.26,45,3.4123682811899703,0,5,1.66,88.44,4.63,Chicago,Male,0,1
A0043,26,5.0,6,26.69,4,4.126351717611759,1,19,1.51,11.26,6.06,San Francisco,Male,1,0
A0044,22,9.0,12,24.9,58,3.121896304410711,0,5,1.8,67.97,4.89,New York,Female,0,1
A0045,27,2.0,3,31.49,79,1.944478009632572,1,20,1.37,26.03,4.89,New York,Male,1,1
A0046,16,18.0,24,37.71,53,-0.1738442083947087,0,0,1.66,47.56,0.78,New York,Male,0,0
A0047,17,5.0,6,53.82,56,0.8763612290402125,0,4,0.85,29.94,1.91,New York,Female,0,0
A0048,19,9.0,12,38.27,18,3.3041222262189156,0,10,1.23,32.32,3.21,New York,Female,1,0
A0049,13,5.0,6,41.6,20,3.2766182895684617,1,0,2.02,26.04,4.19,Chicago,Female,0,0
A0050,27,9.0,12,24.94,9,2.3949598446372664,1,3,2.0,75.28,5.94,Chicago,Male,0,1
A0051,19,9.0,12,19.74,47,6.365083969394796,0,40,1.63,36.57,8.63,Austin,Male,1,0
A0052,32,9.0,12,30.62,38,0.7279177195836835,1,56,1.27,72.64,1.59,Chicago,Male,1,1
A0053,20,5.0,6,31.07,43,-0.5719220003059587,1,20,1.91,45.61,0.15,San Francisco,Male,1,0
A0054,15,5.0,6,19.21,96,3.754676288840867,1,4,2.12,54.72,4.49,Austin,Male,0,1
A0055,21,5.0,6,28.25,44,4.054999522495951,0,4,1.29,54.33,4.32,Chicago,Female,0,0
A0056,12,9.0,12,33.99,9,4.795280119116198,1,15,0.77,97.59,5.52,Austin,Male,1,0
A0057,26,2.0,3,33.6,17,4.991782476777361,0,1,1.72,36.71,8.33,Austin,Male,0,1
A0058,16,9.0,12,35.04,62,5.304787624148784,1,44,1.96,20.77,8.02,New York,Female,1,1
A0059,24,18.0,24,32.91,42,1.031263431403564,0,3,1.79,91.18,1.0,Austin,Female,0,1
A0060,15,18.0,24,24.93,85,7.513545127122359,0,118,2.28,17.48,9.34,Chicago,Female,1,0
A0061,18,9.0,12,24.86,39,0.29082576215471,1,10,2.28,83.44,1.1,New York,Female,0,0
A0062,21,9.0,12,18.01,68,4.259341023336182,0,22,1.35,15.02,6.35,Chicago,Male,1,0
A0063,11,2.0,3,47.85,57,3.5976650259939715,0,0,1.6,65.87,6.72,New York,Male,0,1
A0064,19,9.0,12,30.13,79,3.563793375919329,1,32,1.25,15.05,6.8,Chicago,Female,1,0
A0065,24,18.0,24,27.75,97,2.6675258223941976,0,4,0.99,92.31,2.65,New York,Male,0,1
A0066,20,5.0,6,20.71,82,3.6662400285708223,0,16,1.02,56.5,3.3,New York,Female,1,0
A0067,21,9.0,12,59.36,58,3.770989878419666,0,24,1.86,32.93,5.49,San Francisco,Male,0,1
A0068,24,18.0,24,19.27,46,2.403532897892024,0,2,1.65,14.03,2.0,Chicago,Male,0,0
A0069,29,18.0,24,25.71,59,0.5016360250476342,0,8,1.94,37.12,0.2,Austin,Male,1,1
A0070,18,5.0,6,34.16,8,3.2888802453948753,0,10,2.77,70.5,5.62,New York,Female,1,1
A0071,17,9.0,12,36.0,94,3.616395605508414,1,5,1.75,38.5,4.65,Chicago,Female,0,1
A0072,24,5.0,6,39.58,34,6.137036566465969,0,9,1.11,24.61,6.57,New York,Male,1,0
A0073,20,5.0,6,48.08,76,0.9931739608900484,0,5,2.02,57.74,1.47,San Francisco,Male,0,1
A0074,25,18.0,24,35.06,20,7.451643655814006,0,6,1.1,41.78,8.41,San Francisco,Female,1,0
A0075,16,18.0,24,19.44,70,-1.5977451040897444,0,16,2.37,16.58,1.46,San Francisco,Female,1,0
A0076,28,9.0,12,27.43,75,7.058902504375224,1,15,0.51,15.4,8.91,San Francisco,Male,1,0
A0077,24,2.0,3,33.08,9,3.237047068238171,1,3,1.23,70.75,4.5,Austin,Male,0,1
A0078,20,18.0,24,50.68,10,3.5509926495341317,0,34,1.81,97.47,5.5,Austin,Female,0,1
A0079,14,9.0,12,16.02,66,6.370760776535502,0,29,2.09,23.31,8.97,New York,Male,0,0
A0080,23,4.0,6,42.03,9,0.1124310853991068,0,10,1.16,77.31,3.0,Chicago,Female,0,1
A0081,24,9.0,12,31.8,43,1.054328112162488,1,8,1.07,8.76,1.82,San Francisco,Female,1,0
A0082,25,2.0,3,38.38,42,3.479112571511746,0,7,1.57,38.16,4.46,San Francisco,Male,1,1
A0083,20,9.0,12,28.98,5,3.185894044741516,0,18,2.45,50.67,2.44,Austin,Male,1,0
A0084,22,9.0,12,21.58,19,3.1777297817263523,0,16,0.73,26.87,5.28,Austin,Male,1,0
A0085,24,5.0,6,37.51,68,1.116506397106812,1,3,1.34,52.96,2.75,San Francisco,Female,0,1
A0086,12,5.0,6,36.54,81,5.546242956415464,1,16,1.63,88.26,8.64,Chicago,Female,0,1
A0087,17,5.0,6,39.72,95,5.164402117702074,1,4,1.1,94.44,6.07,New York,Female,0,1
A0088,27,2.0,3,29.87,54,0.3287511096596844,0,0,1.1,10.06,0.0,New York,Male,0,1
A0089,23,9.0,12,24.0,24,5.105239796232961,0,18,1.38,27.18,8.05,New York,Male,0,0
A0090,22,18.0,24,14.41,6,2.823267433113356,0,15,1.65,97.91,3.3,New York,Female,1,1
A0091,17,2.0,3,38.19,8,2.33707754934804,1,7,1.4,27.04,3.2,Chicago,Female,1,0
A0092,15,2.0,3,34.24,40,3.64964499053289,1,11,2.23,69.27,3.83,Chicago,Male,1,1
A0093,23,9.0,12,20.34,28,3.707946906122647,0,44,1.8,25.35,6.3,Chicago,Female,0,0
A0094,29,18.0,24,24.61,13,2.7663378534022316,0,13,1.69,35.64,4.42,Austin,Male,1,0
A0095,15,5.0,6,25.33,92,4.010891846867842,0,16,2.01,19.13,6.29,San Francisco,Male,1,0
A0096,25,4.0,6,15.17,19,-0.4345149481321186,0,0,1.7,85.63,1.47,Chicago,Female,0,1
A0097,15,9.0,12,21.82,90,7.086120277064575,0,2,1.28,88.26,9.7,New York,Female,0,0
A0098,29,5.0,6,18.66,94,5.3710552721798885,0,5,1.37,29.69,7.3,Chicago,Female,0,0
A0099,23,2.0,3,25.88,33,1.7551134566424609,0,11,0.94,82.36,2.5,San Francisco,Female,1,0
A0100,13,9.0,12,22.61,79,4.833412866624852,0,22,2.5,35.82,7.24,Austin,Female,1,0
A0101,26,9.0,12,13.73,37,2.6096292579495852,1,5,1.97,9.9,5.75,New York,Male,0,0
A0102,23,9.0,12,50.23,18,0.3423546772346409,0,6,0.22,75.81,1.09,Austin,Female,0,1
A0103,18,9.0,12,42.53,81,0.9032854834732305,0,4,2.17,59.64,1.78,Chicago,Male,0,1
A0104,22,9.0,12,22.21,20,-0.515277269221619,0,4,0.77,27.44,0.41,New York,Female,0,0
A0105,22,5.0,6,32.72,64,5.50171428833399,1,44,1.76,25.3,8.09,New York,Female,1,1
A0106,24,5.0,6,34.17,29,4.268050856814538,1,15,0.4,97.56,5.52,Chicago,Female,0,1
A0107,26,5.0,6,41.91,37,4.10518590121053,0,2,1.29,86.25,3.17,Chicago,Female,0,1
A0108,19,5.0,6,21.81,47,1.0565778128318388,0,19,2.17,80.98,1.26,San Francisco,Female,1,0
A0109,20,9.0,12,40.92,37,3.645550390722764,0,19,2.2,12.8,4.84,Chicago,Female,0,0
A0110,18,18.0,24,24.52,30,3.6005540842338326,1,16,1.65,75.52,5.25,Chicago,Male,0,0
A0111,16,18.0,24,16.64,11,2.9952287847009584,1,2,1.89,21.45,7.02,Chicago,Female,0,0
A0112,7,9.0,12,37.24,78,6.7634861245507825,1,7,0.79,97.74,9.7,New York,Female,1,1
A0113,26,5.0,6,42.91,17,3.105230209941026,0,1,1.77,5.21,4.35,San Francisco,Female,0,1
A0114,12,5.0,6,55.88,23,5.305242112485286,1,25,1.93,35.21,4.06,New York,Female,0,0
A0115,26,18.0,24,18.0,54,2.3976390352188774,1,15,2.78,42.86,3.7,Chicago,Male,1,1
A0116,23,9.0,12,36.99,37,6.090547342333612,1,10,1.19,82.42,8.27,San Francisco,Male,1,1
A0117,22,9.0,12,25.9,99,1.0572882302947566,0,6,1.51,76.62,1.56,Chicago,Male,1,1
A0118,21,9.0,12,37.83,53,1.239321962380468,0,3,1.54,37.5,3.44,New York,Male,0,1
A0119,24,9.0,12,15.3,85,6.21782281451502,0,1,1.85,56.56,7.25,New York,Male,0,1
A0120,17,18.0,24,17.37,57,0.8639330326867741,0,52,1.94,83.56,0.16,Chicago,Male,1,1
A0121,25,2.0,3,22.24,89,2.814031947043047,0,3,2.03,1.82,2.89,San Francisco,Female,0,1
A0122,18,9.0,12,30.79,79,3.577612545205261,1,0,1.99,80.22,6.41,New York,Female,0,1
A0123,13,18.0,24,23.59,46,2.7047943109360992,1,48,0.76,94.69,1.86,Chicago,Male,1,0
A0124,22,4.0,6,36.59,67,0.7191489372077187,1,11,0.19,3.21,3.03,Austin,Female,0,1
A0125,22,9.0,12,40.27,95,3.9888570938002705,0,23,1.24,4.56,4.86,Chicago,Female,0,1
A0126,32,5.0,6,36.0,90,5.144455625809979,0,0,1.48,34.45,4.22,Chicago,Female,0,1
A0127,21,18.0,24,46.19,82,-0.2485363251306883,1,12,1.19,8.78,1.06,San Francisco,Female,0,1
A0128,19,2.0,3,34.16,27,5.999702270397228,0,7,1.27,47.93,9.38,Chicago,Female,1,0
A0129,19,9.0,12,17.83,89,0.4076513650876412,0,22,1.33,72.87,0.44,Austin,Male,0,0
A0130,11,5.0,6,43.63,94,4.746524345883801,1,0,1.79,56.69,7.5,Chicago,Male,0,1
A0131,24,9.0,12,23.95,49,-1.0536634310661328,1,7,0.98,19.64,0.71,Austin,Male,1,0
A0132,18,5.0,6,39.1,82,3.337562974806027,0,24,1.46,65.48,4.67,New York,Male,1,1
A0133,20,5.0,6,45.74,58,0.1626962862738949,1,11,1.46,68.49,1.75,Chicago,Male,0,1
A0134,17,9.0,12,34.57,40,1.4605924306351814,1,11,1.78,93.24,1.41,San Francisco,Male,0,1
A0135,20,18.0,24,15.04,13,-0.0374242342338034,1,1,2.08,14.68,1.26,Chicago,Female,0,0
A0136,23,5.0,6,20.82,69,4.720934405017539,1,2,2.34,69.23,4.53,Austin,Male,0,1
A0137,17,5.0,6,43.23,17,2.821746707663763,0,16,1.13,91.14,5.15,Austin,Female,0,0
A0138,18,9.0,12,28.31,3,0.6089384837943244,1,16,0.5,50.16,1.33,San Francisco,Female,1,0
A0139,21,9.0,12,30.8,9,7.666517217369669,0,58,1.38,36.18,9.79,Austin,Male,1,0
A0140,13,18.0,24,37.59,3,0.5751356835660446,0,18,0.71,17.07,2.58,Chicago,Male,1,0
A0141,31,5.0,6,36.96,51,3.440459934604129,1,10,2.87,86.68,4.59,Austin,Male,1,1
A0142,17,9.0,12,32.79,98,2.819142754282428,0,29,1.06,39.42,2.16,Chicago,Female,0,0
A0143,19,4.0,6,27.91,75,1.8505167654387729,1,1,1.78,92.49,4.94,Chicago,Male,0,1
A0144,30,5.0,6,26.87,31,5.476633858532304,1,8,1.97,84.78,7.56,Austin,Male,1,1
A0145,16,9.0,12,38.58,28,3.906882794248423,1,5,1.67,37.66,5.21,San Francisco,Male,0,0
A0146,12,9.0,12,35.54,89,2.7838228717773097,1,1,2.54,57.39,2.86,New York,Female,0,1
A0147,15,9.0,12,27.43,47,0.499049289121918,0,21,1.4,2.72,2.48,San Francisco,Male,1,0
A0148,11,4.0,6,40.82,95,3.9925433869157234,0,10,1.08,26.32,7.59,New York,Male,0,0
A0149,27,9.0,12,28.71,99,1.3479415656168976,0,12,1.06,71.03,1.18,San Francisco,Female,1,1
A0150,26,9.0,12,21.48,73,2.886984673233186,0,7,1.88,67.79,3.7,Chicago,Female,1,1
A0151,13,18.0,24,22.41,14,1.3074928503458767,0,9,1.41,35.34,1.51,Chicago,Female,1,0
A0152,21,5.0,6,20.21,97,2.152448209496976,0,1,1.06,80.86,2.58,Austin,Male,0,1
A0153,16,5.0,6,27.28,34,0.3909752784215091,1,16,1.72,23.58,1.53,New York,Male,1,0
A0154,22,5.0,6,42.34,22,6.441253697161002,1,8,1.85,46.13,8.87,New York,Female,0,1
A0155,16,9.0,12,21.95,53,5.417072473298681,1,25,1.64,47.25,7.32,Austin,Male,0,0
A0156,16,5.0,6,31.88,83,3.212648581973632,1,3,1.95,34.08,5.61,San Francisco,Female,0,1
A0157,26,18.0,24,23.43,38,3.4337745111447564,0,3,1.54,95.47,2.24,Austin,Female,0,1
A0158,21,5.0,6,27.4,69,4.043832920911787,0,15,1.2,69.67,5.1,San Francisco,Female,0,1
A0159,22,18.0,24,14.9,3,2.455696502797351,0,28,1.91,53.92,5.21,Austin,Female,1,1
A0160,18,5.0,6,27.79,29,4.786553608633829,1,9,1.05,51.05,5.9,New York,Female,0,0
A0161,29,9.0,12,28.06,42,-0.5546816702273214,0,19,0.94,15.93,0.6,New York,Male,1,0
A0162,30,18.0,24,35.4,99,7.598084603742452,1,109,2.08,37.22,9.73,San Francisco,Male,0,1
A0163,22,5.0,6,32.23,86,4.413595579007404,0,69,1.33,67.28,4.65,New York,Male,1,1
A0164,19,18.0,24,18.02,16,5.668317681648288,0,20,2.33,92.46,9.27,New York,Male,0,0
A0165,23,9.0,12,40.84,71,1.0333761292443218,0,20,1.93,81.65,0.1,New York,Female,0,1
A0166,25,18.0,24,32.1,89,2.148780926936498,0,4,1.29,30.04,2.48,New York,Male,0,1
A0167,12,9.0,12,31.98,81,1.55006015999449,0,26,1.74,43.4,1.04,Chicago,Female,0,1
A0168,12,5.0,6,29.91,8,7.286792982653947,1,7,2.76,8.29,7.7,Austin,Female,1,0
A0169,18,5.0,6,24.82,35,1.9946118839971292,1,49,1.88,10.22,3.2,Austin,Male,1,0
A0170,19,5.0,6,32.18,57,5.1262638356425105,0,1,1.79,47.02,8.4,Chicago,Male,0,1
A0171,21,2.0,3,34.76,21,4.934485570374477,1,8,1.2,53.02,8.32,New York,Female,1,1
A0172,11,4.0,6,12.53,79,3.860189715034561,0,12,2.42,26.4,6.68,Austin,Male,1,0
A0173,21,5.0,6,24.61,31,4.584898290585896,1,7,2.16,64.28,6.66,Austin,Male,1,1
A0174,17,9.0,12,27.45,63,5.241151974816643,0,3,1.21,70.34,7.0,Austin,Male,0,0
A0175,20,9.0,12,32.56,72,4.994690799330019,1,13,2.44,29.91,6.74,San Francisco,Male,1,1
A0176,26,5.0,6,41.93,81,3.536183249036024,0,21,1.58,75.84,3.87,Chicago,Female,0,1
A0177,18,5.0,6,22.28,82,4.794001891877906,0,15,1.08,20.56,6.83,San Francisco,Female,0,0
A0178,15,9.0,12,25.02,26,7.732534077157316,0,4,1.2,54.43,8.97,San Francisco,Male,0,0
A0179,12,5.0,6,24.87,25,2.066343166762044,0,19,1.94,80.43,3.33,Chicago,Female,1,0
A0180,16,3.0,3,21.98,12,9.33516916658962,0,4,1.08,53.7,9.45,Austin,Female,0,0
A0181,21,5.0,6,26.53,56,0.7236673477650062,0,2,0.95,90.8,0.14,San Francisco,Male,0,1
A0182,34,18.0,24,37.71,43,1.5858424435837175,1,17,1.28,5.85,3.49,Austin,Male,0,0
A0183,18,18.0,24,19.46,51,-0.1468924980611123,1,27,1.36,58.83,1.32,San Francisco,Female,1,0
A0184,13,5.0,6,34.28,19,1.3714724152431852,1,9,1.16,56.18,1.27,Austin,Female,1,0
A0185,21,9.0,12,12.98,58,5.481537214674149,1,11,1.27,66.04,8.15,New York,Female,1,1
A0186,19,9.0,12,24.39,47,7.140000494092091,1,5,1.96,83.34,9.18,New York,Male,0,0
A0187,22,9.0,12,26.71,32,5.919237624573545,0,10,1.63,72.59,7.78,New York,Female,1,1
A0188,8,9.0,12,46.75,46,6.7661710873431264,0,2,1.24,79.03,9.77,Chicago,Female,0,0
A0189,18,9.0,12,27.25,76,0.665206281931595,1,46,1.29,28.88,2.16,New York,Male,1,0
A0190,19,4.0,6,7.99,57,-0.5278472246858648,1,24,1.43,38.75,1.41,San Francisco,Female,0,0
A0191,21,2.0,3,10.01,21,3.200485047932979,0,16,1.46,62.68,5.21,Austin,Male,1,0
A0192,20,9.0,12,30.34,31,6.659398794323471,0,11,1.46,55.35,8.29,Austin,Male,1,0
A0193,21,18.0,24,36.14,4,0.4940937441302039,0,23,1.94,96.11,0.4,Austin,Female,1,1
A0194,16,9.0,12,33.75,38,5.726261221288013,1,10,1.6,18.68,9.96,Austin,Male,1,0
A0195,24,18.0,24,31.68,21,4.387180925851181,0,5,1.61,35.13,6.02,San Francisco,Male,0,1
A0196,28,18.0,24,41.62,9,7.238317379728835,1,2,2.21,57.28,9.79,Austin,Female,0,1
A0197,28,4.0,6,24.6,28,1.6711425637988668,1,15,2.44,86.8,3.65,San Francisco,Male,1,1
A0198,21,9.0,12,38.95,81,3.359725105945528,1,39,0.88,92.93,4.58,San Francisco,Female,1,1
A0199,29,9.0,12,13.68,40,5.322208718445999,0,2,0.71,33.6,7.52,Austin,Male,0,0
A0200,11,18.0,24,20.95,5,4.408029702169376,0,2,1.33,6.71,7.93,Austin,Male,0,0
A0201,19,18.0,24,11.93,82,1.9887873603482833,0,8,1.89,42.16,2.33,Austin,Female,1,0
A0202,22,9.0,12,27.25,68,7.070784526368234,0,24,1.69,39.43,9.3,San Francisco,Female,1,1
A0203,27,5.0,6,29.54,97,7.152051243175277,1,5,2.03,98.65,8.67,Chicago,Female,0,1
A0204,20,9.0,12,31.14,94,1.179802052034903,0,4,1.3,43.11,0.18,San Francisco,Male,0,0
A0205,24,4.0,6,30.62,73,-0.4746693679570911,0,14,0.52,30.57,1.29,Chicago,Female,1,1
A0206,17,9.0,12,20.72,96,2.534174960084877,0,11,0.82,36.54,4.96,Austin,Male,1,0
A0207,32,18.0,24,28.1,45,3.742035267208659,1,0,1.78,39.69,4.61,San Francisco,Female,0,0
A0208,14,5.0,6,15.03,64,5.469785950912208,0,1,2.03,82.15,7.08,Austin,Male,0,1
A0209,21,9.0,12,43.63,73,1.145047686306048,1,15,0.55,8.1,0.9,Chicago,Female,0,1
A0210,16,9.0,12,26.96,95,8.36773149065472,0,9,2.21,31.65,6.45,Chicago,Male,1,0
A0211,19,9.0,12,25.11,26,4.882890510693167,0,53,1.73,96.63,6.16,San Francisco,Female,1,0
A0212,20,5.0,6,45.89,41,2.773565640180599,0,17,1.46,15.31,2.34,San Francisco,Male,0,0
A0213,21,9.0,12,17.58,70,4.7480017634932015,0,0,1.19,74.26,5.42,San Francisco,Male,0,1
A0214,26,18.0,24,18.74,95,2.205391251305798,1,9,2.3,35.64,2.22,San Francisco,Male,1,1
A0215,12,18.0,24,19.04,46,0.7137307553596544,0,8,1.95,58.18,1.47,New York,Male,1,0
A0216,24,5.0,6,29.32,7,4.769969220493268,0,1,1.75,9.95,5.73,New York,Female,0,0
A0217,23,18.0,24,34.32,57,6.066174785462428,1,38,1.13,30.64,9.77,Austin,Male,0,1
A0218,13,9.0,12,37.4,95,1.4221813932599912,1,24,2.31,50.09,2.37,Chicago,Female,1,1
A0219,19,5.0,6,55.72,32,1.9996364521708965,1,3,1.52,23.17,3.55,Chicago,Male,0,0
A0220,19,2.0,3,7.51,31,1.8808741393863224,0,4,1.65,54.19,2.57,Austin,Female,0,0
A0221,27,5.0,6,36.09,28,4.176658566673509,0,0,1.54,21.98,2.66,Austin,Male,0,1
A0222,21,18.0,24,24.43,85,0.9607348074082516,1,5,1.12,65.01,4.04,Austin,Male,0,1
A0223,19,9.0,12,24.14,28,5.600260190374513,1,13,1.66,90.44,7.02,New York,Female,1,0
A0224,20,9.0,12,23.8,39,-1.339715871189652,1,8,1.85,8.55,0.39,Austin,Female,1,0
A0225,18,5.0,6,20.91,93,6.227068134210566,0,52,1.28,21.66,9.57,Chicago,Male,1,0
A0226,24,9.0,12,46.85,96,1.4109505969673664,1,0,1.62,84.44,0.46,Austin,Female,0,1
A0227,13,2.0,3,38.42,55,6.231280019095463,1,13,1.53,63.16,8.81,San Francisco,Female,0,1
A0228,14,4.0,6,30.23,32,5.180255222070693,0,29,1.96,7.87,8.94,Chicago,Female,1,0
A0229,15,9.0,12,43.51,5,2.9526962907400316,1,9,1.35,48.64,5.24,Chicago,Male,0,0
A0230,13,5.0,6,14.87,45,1.638597748934676,1,0,1.61,20.98,1.37,Chicago,Female,0,0
A0231,25,18.0,24,16.69,9,3.2246333682828636,0,4,1.72,19.91,5.65,New York,Male,0,0
A0232,22,5.0,6,8.22,51,4.619458589581974,0,5,1.34,94.06,6.29,New York,Female,0,0
A0233,16,9.0,12,23.01,75,6.051571839903813,1,50,1.09,76.15,8.58,Chicago,Female,1,0
A0234,16,9.0,12,31.62,43,3.205399652394183,0,36,1.17,69.62,5.51,San Francisco,Male,0,0
A0235,16,9.0,12,31.03,79,5.020944089325326,0,44,1.7,23.89,4.11,Chicago,Female,1,1
A0236,12,5.0,6,31.49,81,6.499919022318012,0,26,1.38,11.86,8.38,New York,Female,1,0
A0237,15,2.0,3,15.89,56,4.841857413342392,0,6,1.38,87.08,9.81,San Francisco,Female,1,0
A0238,19,18.0,24,38.03,71,4.701454314769427,1,35,1.8,0.59,6.45,Chicago,Female,0,1
A0239,23,5.0,6,32.4,95,5.456213535231612,0,60,2.01,38.81,8.74,New York,Female,1,1
A0240,12,18.0,24,37.33,93,5.045433334796224,0,6,2.1,27.76,5.99,San Francisco,Female,0,1
A0241,26,18.0,24,11.07,29,4.0374792615673,1,4,1.19,57.04,6.9,Austin,Female,0,0
A0242,15,5.0,6,33.11,10,4.701263558533101,0,11,1.96,25.05,6.88,Austin,Male,1,0
A0243,16,5.0,6,18.12,34,5.439987278980457,0,3,2.54,31.12,7.05,Chicago,Male,0,0
A0244,24,9.0,12,26.03,86,3.1127551941701213,1,0,1.56,85.0,3.21,Austin,Male,0,1
A0245,20,18.0,24,35.34,66,2.8317035929442236,0,43,1.46,60.32,5.76,New York,Male,1,1
A0246,19,18.0,24,30.91,12,3.823498764159052,0,39,1.36,14.57,5.94,San Francisco,Male,1,0
A0247,12,9.0,12,21.48,15,1.7300546888390436,1,2,0.97,72.65,3.15,Chicago,Female,0,0
A0248,22,9.0,12,30.06,65,1.7966707674262878,1,7,1.92,20.75,3.5,San Francisco,Male,1,1
A0249,16,5.0,6,14.68,95,7.099454240281096,1,26,1.47,43.3,7.62,San Francisco,Male,1,0
A0250,15,18.0,24,41.5,37,4.485981710960955,1,16,1.43,64.66,5.83,San Francisco,Female,0,0
A0251,14,18.0,24,27.95,63,-0.2178839543350452,1,7,1.84,27.19,1.49,New York,Male,1,0
A0252,22,5.0,6,41.19,56,6.783861947054777,1,20,1.89,38.41,8.38,Chicago,Female,0,1
A0253,26,5.0,6,24.73,10,8.303156197012633,1,34,1.2,73.41,8.83,Austin,Female,1,0
A0254,11,5.0,6,24.76,31,4.294465260551147,0,39,1.21,93.79,4.66,San Francisco,Male,1,0
A0255,19,4.0,6,22.36,97,-0.0563699659540135,0,7,1.19,52.92,2.09,San Francisco,Male,1,0
A0256,20,18.0,24,38.76,43,6.151765927133749,1,2,2.56,1.0,9.48,San Francisco,Female,0,0
A0257,15,5.0,6,22.91,32,7.440911149186622,0,36,2.24,33.85,8.82,New York,Female,1,0
A0258,21,2.0,3,36.45,88,1.0003305343812192,0,1,1.85,39.86,2.44,Austin,Male,0,1
A0259,21,5.0,6,26.18,23,1.1158194281462284,0,19,1.31,33.92,0.96,San Francisco,Female,1,0
A0260,15,18.0,24,10.24,78,3.861634053429337,0,2,1.37,43.63,4.41,New York,Male,0,0
A0261,18,9.0,12,24.3,13,3.805069528421917,0,7,1.68,63.27,6.76,New York,Male,1,0
A0262,14,9.0,12,18.21,4,1.1654746439381998,1,7,2.6,12.11,1.75,San Francisco,Male,0,0
A0263,13,4.0,6,30.34,52,0.3497326599309271,1,2,1.64,27.26,5.13,San Francisco,Male,0,0
A0264,13,18.0,24,18.1,43,1.9506123586657096,1,38,1.75,50.76,4.25,New York,Female,1,0
A0265,23,18.0,24,39.26,68,5.98443184860684,1,0,0.23,31.56,8.91,New York,Female,0,1
A0266,17,4.0,6,29.09,5,1.7622168180351503,0,33,1.63,99.11,4.3,San Francisco,Male,1,0
A0267,30,2.0,3,28.22,82,5.370411303931634,0,32,0.8,43.14,5.34,New York,Male,1,0
A0268,22,2.0,3,36.56,53,5.254858622039368,0,5,1.26,86.98,9.55,New York,Female,0,1
A0269,24,5.0,6,39.64,70,1.659955513303016,1,18,1.52,89.65,3.0,San Francisco,Female,1,1
A0270,16,9.0,12,29.8,89,2.1537405772860914,0,4,1.35,83.6,2.89,San Francisco,Female,0,1
A0271,22,18.0,24,22.29,86,7.041273289066115,0,21,1.18,4.69,8.0,Chicago,Female,1,0
A0272,16,9.0,12,12.26,27,0.5101378488205603,1,12,1.19,94.77,2.78,Austin,Female,1,0
A0273,15,18.0,24,23.14,32,6.987163752154959,0,5,1.39,12.87,8.32,San Francisco,Male,0,0
A0274,15,9.0,12,23.83,84,0.682233061019587,1,7,1.37,3.44,0.96,San Francisco,Male,0,0
A0275,20,9.0,12,31.07,13,-0.2045086510479509,1,17,1.51,41.44,1.11,San Francisco,Male,1,0
A0276,18,9.0,12,26.55,95,6.76910347426327,0,35,1.47,19.46,9.01,Austin,Male,1,0
A0277,19,5.0,6,36.88,19,3.98605969557347,0,2,2.14,18.42,5.41,Chicago,Female,0,0
A0278,15,5.0,6,23.87,28,4.432783122841205,1,12,0.48,28.78,7.19,New York,Female,0,0
A0279,26,9.0,12,29.43,25,1.644802084990019,0,4,1.62,24.84,2.25,Austin,Male,0,0
A0280,21,2.0,3,41.84,58,0.77668640313824,0,24,1.54,68.48,1.66,San Francisco,Male,0,1
A0281,19,5.0,6,33.42,54,5.958517345251248,0,1,1.43,18.68,8.35,San Francisco,Female,0,0
A0282,16,9.0,12,29.4,50,3.1751306745210464,1,17,1.15,54.31,3.59,Chicago,Male,1,0
A0283,31,18.0,24,23.98,22,4.771016816145352,0,2,1.43,98.64,4.55,Chicago,Male,0,0
A0284,19,9.0,12,23.67,4,-1.041815498826849,1,13,0.68,43.24,0.28,Chicago,Female,0,0
A0285,16,18.0,24,21.49,90,4.835033374656266,1,27,1.6,64.19,3.86,New York,Female,1,1
A0286,13,9.0,12,24.59,33,3.4379122004774976,0,21,1.69,96.94,7.7,Austin,Female,1,0
A0287,23,9.0,12,37.56,29,5.595214904964417,1,20,1.15,13.76,8.21,Austin,Male,1,0
A0288,19,9.0,12,27.78,4,5.481317206484576,0,10,2.47,41.86,6.99,Chicago,Female,0,0
A0289,17,18.0,24,16.5,80,5.124991867735032,0,33,1.44,85.02,6.92,New York,Female,0,0
A0290,19,9.0,12,47.68,6,2.919300480179406,1,13,1.52,93.23,5.06,Austin,Male,0,0
A0291,19,9.0,12,33.2,15,3.5578777496427243,1,37,2.17,60.12,5.38,San Francisco,Female,1,1
A0292,24,9.0,12,15.93,37,4.707999065341166,0,11,2.57,14.34,7.43,San Francisco,Male,0,0
A0293,16,9.0,12,25.58,74,1.1396352430557883,1,10,0.94,90.15,2.47,San Francisco,Male,1,0
A0294,29,5.0,6,31.11,68,2.4736020970210246,1,3,1.21,17.44,2.32,Austin,Male,0,1
A0295,22,2.0,3,47.05,8,7.007015485965047,1,11,1.45,35.29,9.5,Chicago,Male,0,0
A0296,24,2.0,3,18.92,33,-0.4969095952606542,0,2,1.13,37.55,0.28,San Francisco,Female,0,0
A0297,16,18.0,24,39.76,12,1.8725998754332505,1,30,1.92,44.73,1.39,Chicago,Male,1,0
A0298,15,5.0,6,43.99,23,4.297299520876609,0,16,1.07,79.02,5.7,New York,Female,0,0
A0299,19,5.0,6,23.71,76,5.9788621188389595,0,75,2.13,80.21,7.38,San Francisco,Female,1,1
A0300,16,9.0,12,27.22,25,4.395628841923612,1,1,1.81,71.97,5.38,New York,Female,0,0
A0301,25,4.0,6,19.64,5,1.6560049890779274,1,4,2.08,2.21,3.55,Chicago,Female,0,0
A0302,16,9.0,12,27.97,34,6.28581895980303,0,31,1.08,56.48,9.78,Austin,Female,0,0
A0303,25,5.0,6,29.63,22,5.675293605123262,0,7,1.31,74.75,7.04,Chicago,Male,1,1
A0304,25,18.0,24,36.6,76,6.427370265433465,0,9,1.95,44.46,8.31,San Francisco,Female,1,1
A0305,15,18.0,24,40.9,31,0.2590984060358518,1,29,1.86,94.49,0.4,San Francisco,Male,0,1
A0306,21,18.0,24,22.52,54,1.769327383308782,0,11,1.36,82.38,2.36,Chicago,Male,1,1
A0307,17,9.0,12,10.33,48,3.895664895788425,0,3,1.43,63.82,3.74,San Francisco,Male,0,0
A0308,14,9.0,12,29.79,36,0.68942861116417,0,33,1.28,6.24,1.83,San Francisco,Female,1,0
A0309,20,5.0,6,32.94,86,1.0580973811700378,1,0,1.41,65.23,0.73,New York,Female,0,1
A0310,26,2.0,3,32.49,63,1.372807347566106,1,33,1.02,91.16,2.25,Austin,Female,1,1
A0311,25,2.0,3,26.73,74,3.5203187967727794,1,0,0.93,37.94,5.34,Chicago,Female,0,0
A0312,20,9.0,12,31.25,73,5.97077685198719,1,16,2.0,83.81,6.96,New York,Male,1,1
A0313,21,9.0,12,45.15,72,6.24341634898803,0,1,1.4,31.32,7.74,San Francisco,Female,0,1
A0314,30,9.0,12,33.82,13,1.1145096360006386,0,18,2.08,57.01,0.43,New York,Female,1,1
A0315,21,2.0,3,26.27,84,4.301478807154329,0,0,1.8,64.84,4.28,Austin,Male,0,1
A0316,26,9.0,12,25.0,95,0.875003841632759,1,27,1.66,67.8,1.22,Chicago,Male,1,1
A0317,19,9.0,12,28.3,91,3.6989529712949634,0,9,1.14,88.25,4.31,Austin,Male,0,0
A0318,10,9.0,12,46.37,65,2.7277332434065436,0,1,0.89,23.46,4.34,Austin,Male,0,0
A0319,26,9.0,12,28.17,23,3.810166352488442,0,18,1.27,26.24,4.98,New York,Male,1,0
A0320,17,5.0,6,29.8,5,6.1208569456323145,0,10,2.27,70.4,8.93,New York,Male,0,1
A0321,22,18.0,24,25.18,84,5.731995964992718,0,3,1.94,17.72,8.05,Austin,Male,0,1
A0322,16,9.0,12,40.99,90,5.054157025436913,1,0,1.22,46.43,6.37,San Francisco,Female,0,0
A0323,23,5.0,6,49.6,12,5.376779316766527,1,8,1.28,2.0,8.85,Chicago,Female,0,0
A0324,14,5.0,6,34.51,29,6.838387275685459,1,1,1.04,14.1,6.78,San Francisco,Male,0,0
A0325,14,9.0,12,30.83,14,4.726982618500298,1,1,0.73,67.88,8.19,San Francisco,Male,0,0
A0326,18,18.0,24,30.37,9,2.7338113872122674,0,4,1.55,74.75,5.64,Chicago,Female,0,1
A0327,25,9.0,12,6.16,19,4.833110873500067,0,14,2.36,11.53,5.25,New York,Male,1,0
A0328,21,5.0,6,37.45,67,5.859662693962935,1,11,2.37,22.77,7.24,San Francisco,Male,1,1
A0329,14,18.0,24,31.34,66,0.7641198170521551,1,1,1.8,9.89,0.2,New York,Male,0,1
A0330,20,9.0,12,34.28,28,5.45834550926428,0,51,1.2,43.34,6.9,Chicago,Male,1,0
A0331,17,9.0,12,22.89,17,6.532753227153084,1,32,0.78,12.61,9.35,San Francisco,Male,1,0
A0332,14,9.0,12,26.16,35,4.100745628514168,0,4,2.02,43.73,7.14,New York,Female,0,0
A0333,22,5.0,6,25.89,64,0.3348045581937263,0,1,1.72,73.21,0.37,New York,Male,0,1
A0334,25,9.0,12,40.22,49,1.968838288487888,1,42,1.34,68.34,3.78,San Francisco,Male,0,1
A0335,22,5.0,6,26.21,97,6.64511973341775,0,9,1.26,28.05,8.1,Chicago,Male,1,0
A0336,20,18.0,24,50.83,37,6.565942618497861,0,5,1.8,67.38,9.59,Austin,Female,0,1
A0337,16,9.0,12,34.31,67,1.7645028032074883,0,10,1.09,92.77,3.7,New York,Female,1,1
A0338,18,9.0,12,17.24,74,5.565614158347006,0,22,1.62,34.75,8.41,Chicago,Male,1,0
A0339,22,9.0,12,28.71,78,6.460931454275625,1,2,0.89,32.91,8.64,San Francisco,Male,0,0
A0340,22,18.0,24,23.48,85,0.297275447196025,1,21,2.61,57.14,1.23,New York,Male,1,1
A0341,14,18.0,24,8.06,27,5.099779604433569,1,20,1.16,24.55,8.46,New York,Male,1,0
A0342,25,9.0,12,45.99,59,2.511687211491912,1,11,1.82,65.16,3.24,New York,Female,0,1
A0343,23,9.0,12,37.03,34,4.395966571108723,0,30,0.9,83.23,5.93,Chicago,Female,0,1
A0344,11,9.0,12,35.33,65,3.26605682462887,0,2,1.42,45.93,5.39,New York,Male,0,0
A0345,25,9.0,12,31.65,14,4.169961694381677,0,13,1.94,67.95,6.63,New York,Male,1,1
A0346,22,5.0,6,16.18,65,5.412049937357636,0,8,2.05,65.19,7.4,San Francisco,Female,1,1
A0347,15,9.0,12,25.16,79,1.6389156585026756,0,8,1.88,3.87,4.41,New York,Female,1,0
A0348,14,4.0,6,38.42,94,4.808536225623445,1,4,1.43,18.34,8.88,Chicago,Male,0,0
A0349,15,18.0,24,19.49,3,4.944555778747564,1,6,1.17,89.35,8.09,San Francisco,Male,1,0
A0350,17,4.0,6,4.68,53,5.281552848288152,0,1,0.96,93.89,7.85,Austin,Male,0,0
A0351,25,18.0,24,27.73,72,3.5169075655980047,1,4,2.25,78.04,4.58,San Francisco,Female,0,1
A0352,15,9.0,12,28.58,10,1.741356216949552,0,4,1.55,92.12,0.38,New York,Female,0,0
A0353,21,9.0,12,31.36,70,4.30165962320202,1,19,1.64,30.61,4.92,Austin,Female,1,1
A0354,21,9.0,12,37.29,7,6.126061470036572,1,0,2.08,24.77,8.98,San Francisco,Female,0,1
A0355,21,5.0,6,36.38,91,1.310983792097311,0,15,1.79,38.43,1.9,New York,Male,1,1
A0356,24,4.0,6,32.59,88,5.8784706353621905,0,3,1.44,5.53,9.83,San Francisco,Female,0,1
A0357,27,2.0,3,41.96,94,5.6374868640076095,1,1,1.87,80.99,8.08,Chicago,Female,0,1
A0358,19,9.0,12,14.81,41,4.681341361079862,1,5,1.19,98.42,7.1,New York,Female,0,0
A0359,15,9.0,12,35.05,25,5.061718560338089,1,3,0.72,82.4,6.77,Chicago,Male,0,0
A0360,24,9.0,12,36.27,70,3.281769056447677,1,12,2.21,55.5,5.87,New York,Female,1,1
A0361,13,5.0,6,17.6,54,5.566346514241172,1,6,1.23,29.53,7.21,Chicago,Female,1,0
A0362,15,5.0,6,14.97,6,4.486738913002577,0,50,1.35,19.77,4.22,Austin,Female,1,0
A0363,15,9.0,12,22.54,49,5.8062398515431415,0,49,1.39,36.41,8.45,Chicago,Male,0,0
A0364,21,18.0,24,23.38,23,5.273711722098941,0,8,1.2,66.7,6.96,San Francisco,Female,1,0
A0365,18,9.0,12,37.53,58,6.087143991711112,0,23,2.05,44.71,7.71,New York,Male,1,1
A0366,28,9.0,12,23.85,68,5.142779528114163,0,0,1.69,93.41,7.92,San Francisco,Male,0,1
A0367,22,9.0,12,21.44,61,0.8680924818104168,1,11,1.35,85.42,0.92,Chicago,Female,1,1
A0368,21,2.0,3,23.88,9,0.4045924007817948,0,20,0.86,10.24,0.56,New York,Male,1,0
A0369,20,18.0,24,41.19,51,5.704676098548831,0,3,1.65,13.15,8.01,Chicago,Female,0,0
A0370,16,9.0,12,30.13,18,1.0399902161445334,1,0,0.27,67.62,2.59,Austin,Male,0,0
A0371,11,5.0,6,28.21,19,4.0985101742589425,0,2,1.62,23.08,5.82,Austin,Male,0,0
A0372,18,9.0,12,28.9,86,3.6059982912454496,0,8,2.17,79.1,4.44,Austin,Female,1,1
A0373,19,5.0,6,42.92,89,1.6051436077950416,1,10,1.53,59.14,0.22,Chicago,Female,0,1
A0374,24,18.0,24,22.51,77,1.2392708260852068,1,7,2.1,22.98,0.4,Chicago,Male,1,1
A0375,23,5.0,6,43.16,36,7.9421824575115565,0,8,0.89,47.87,8.27,Austin,Male,0,0
A0376,25,9.0,12,32.1,35,3.48865243711195,0,9,2.52,40.61,6.08,Chicago,Male,1,1
A0377,20,5.0,6,28.4,28,4.540320636720677,1,22,2.05,87.32,5.24,San Francisco,Male,1,0
A0378,19,9.0,12,55.01,68,6.791342005738351,0,1,1.74,3.22,9.44,Chicago,Female,0,1
A0379,19,9.0,12,19.44,65,3.400802933217672,0,21,1.2,89.58,1.73,San Francisco,Male,1,0
A0380,15,9.0,12,26.46,89,0.9977017146448484,1,17,1.12,65.21,2.58,Austin,Male,1,0
A0381,21,9.0,12,17.68,43,4.459278157819224,0,20,1.46,73.75,7.57,Chicago,Female,0,0
A0382,24,18.0,24,39.52,88,4.825607354555977,0,19,2.1,0.26,7.75,Austin,Male,0,1
A0383,15,2.0,3,46.89,60,0.7111042756901926,0,9,0.84,62.82,4.05,New York,Female,0,1
A0384,22,5.0,6,46.7,81,6.131244978319238,1,3,1.51,58.85,9.51,Chicago,Female,0,1
A0385,19,5.0,6,42.24,12,5.806867338446302,1,11,1.87,53.72,9.38,Chicago,Female,0,1
A0386,19,18.0,24,28.02,17,0.2343937864762076,0,47,1.96,78.59,0.12,Austin,Male,1,0
A0387,29,5.0,6,26.35,44,1.5457559757771593,0,13,1.87,55.59,1.72,Austin,Female,1,1
A0388,29,9.0,12,13.29,95,7.616170839215886,0,0,0.79,85.71,8.2,Austin,Female,0,1
A0389,15,9.0,12,50.36,59,3.29542383818605,0,0,2.07,23.26,3.35,New York,Female,0,1
A0390,26,5.0,6,34.69,89,0.0880963443375968,0,74,1.53,80.6,0.95,New York,Male,1,1
A0391,24,4.0,6,25.08,19,4.596585328651641,1,1,0.96,17.93,7.85,Austin,Male,0,0
A0392,17,5.0,6,43.28,62,3.6769191715065057,0,0,1.49,81.31,4.55,Chicago,Male,0,1
A0393,28,9.0,12,20.27,11,2.1237667929793576,0,6,0.52,94.05,4.92,Chicago,Male,1,0
A0394,14,5.0,6,34.07,38,3.133458765854354,0,52,1.79,33.57,1.86,Austin,Female,1,0
A0395,27,2.0,3,28.27,75,5.806440120721287,0,5,1.44,52.99,6.61,San Francisco,Female,0,1
A0396,21,18.0,24,36.39,82,3.387824347895295,0,7,0.86,65.83,5.51,New York,Female,1,1
A0397,29,18.0,24,29.36,38,-0.2641345290908781,0,15,1.35,7.95,2.07,New York,Male,0,0
A0398,18,5.0,6,15.49,50,3.733872374165413,1,0,1.15,49.41,3.4,San Francisco,Female,0,0
A0399,14,5.0,6,30.76,53,4.0644601547473815,1,34,1.18,36.06,5.97,Austin,Male,1,0
A0400,11,2.0,3,40.49,99,7.712816311973461,0,10,0.37,87.25,9.25,Chicago,Male,0,1
A0401,20,9.0,12,29.71,97,4.845572341205632,0,9,0.66,87.67,9.2,Chicago,Male,1,1
A0402,9,18.0,24,37.75,72,1.4166249770462271,0,29,1.39,70.08,2.88,New York,Female,1,1
A0403,19,5.0,6,19.54,76,5.157243699718183,0,45,1.3,65.57,7.36,San Francisco,Female,0,0
A0404,15,5.0,6,29.74,82,5.478980593764741,1,8,1.99,73.37,7.76,Chicago,Male,0,1
A0405,26,9.0,12,23.75,70,5.212934528520756,0,2,1.18,36.6,8.09,New York,Female,0,0
A0406,14,9.0,12,37.47,24,4.619849932347499,1,25,1.24,40.45,5.71,Chicago,Male,1,0
A0407,24,2.0,3,30.31,79,-0.9906204293825944,1,7,1.26,55.37,0.11,Chicago,Female,0,1
A0408,24,9.0,12,36.9,82,5.191620514978706,1,41,1.4,93.8,7.62,Chicago,Male,0,1
A0409,25,5.0,6,40.88,95,0.8692956317118988,1,44,1.55,72.4,1.07,New York,Male,0,1
A0410,21,5.0,6,36.92,8,1.3334388340587489,0,1,1.3,55.1,1.17,San Francisco,Male,0,1
A0411,24,9.0,12,32.73,28,4.953614878088889,1,47,1.79,77.04,6.06,Austin,Female,0,1
A0412,21,18.0,24,20.02,77,5.763357908162131,1,6,2.65,37.09,9.84,San Francisco,Female,1,1
A0413,17,9.0,12,29.97,90,0.1668858292643777,1,15,1.09,73.05,2.43,Chicago,Female,1,1
A0414,20,18.0,24,24.67,95,5.799676821898508,0,0,1.7,41.07,6.46,San Francisco,Female,0,0
A0415,18,9.0,12,26.56,5,2.460314011979591,1,32,1.51,27.97,3.04,Chicago,Female,1,0
A0416,8,9.0,12,26.25,54,5.5445134634434465,0,15,2.02,60.97,8.99,New York,Male,0,1
A0417,17,9.0,12,20.2,76,5.7091519755225235,1,15,1.6,68.69,5.94,New York,Female,0,1
A0418,22,18.0,24,10.43,62,1.5646746342928586,0,34,1.14,45.93,2.07,New York,Male,0,0
A0419,21,18.0,24,23.32,65,3.013297184063826,1,10,0.92,56.55,2.62,Chicago,Female,0,1
A0420,27,2.0,3,31.93,67,3.091518481410109,0,7,1.81,69.41,4.32,San Francisco,Female,0,1
A0421,19,18.0,24,16.52,54,2.914747924881987,0,30,0.96,76.77,1.22,Austin,Female,1,0
A0422,30,18.0,24,30.16,92,2.3083408424432044,0,20,2.09,89.56,0.79,Austin,Male,0,1
A0423,22,9.0,12,49.0,78,4.511035851520926,0,44,1.78,35.45,6.8,New York,Female,0,1
A0424,14,5.0,6,40.23,16,3.820570950954356,0,42,1.54,95.15,4.07,Austin,Male,0,1
A0425,17,18.0,24,46.44,91,5.727375949585148,0,7,0.84,63.73,7.26,Chicago,Female,0,1
A0426,23,18.0,24,33.91,74,2.1386315575323485,1,8,1.84,78.77,1.1,San Francisco,Male,1,1
A0427,18,5.0,6,41.68,70,3.305076539419895,1,4,2.31,69.98,6.1,Austin,Male,0,1
A0428,25,18.0,24,22.76,30,3.787051459998439,1,16,1.29,20.56,4.43,Austin,Male,0,0
A0429,24,2.0,3,23.56,73,1.4644244868495877,0,6,1.13,7.14,0.58,San Francisco,Male,1,0
A0430,14,3.0,6,2.61,12,2.056260513576886,0,23,1.45,72.63,5.45,Austin,Female,1,0
A0431,21,9.0,12,41.86,59,-0.6022585126657751,0,1,1.73,51.11,0.83,San Francisco,Female,0,1
A0432,14,9.0,12,45.4,68,3.756767822239899,1,1,1.23,70.22,8.28,Chicago,Male,0,1
A0433,15,9.0,12,24.47,92,4.154593165555442,1,3,1.95,47.68,6.32,Chicago,Female,0,0
A0434,23,2.0,3,27.46,52,4.616542255795962,0,1,2.46,31.22,5.57,Chicago,Male,0,0
A0435,15,18.0,24,22.46,16,2.433357052096028,0,14,1.67,28.5,1.33,New York,Female,1,0
A0436,16,2.0,3,33.83,18,2.083094780419775,1,2,1.34,73.05,2.87,Chicago,Female,0,0
A0437,21,5.0,6,41.25,56,5.079615545571292,1,2,1.72,27.68,4.93,Austin,Female,0,1
A0438,10,2.0,3,12.57,45,3.0508985417851084,1,0,2.09,71.47,6.33,New York,Male,0,0
A0439,24,9.0,12,34.09,44,-0.4223824393551547,1,22,1.58,38.4,1.83,New York,Female,0,1
A0440,23,18.0,24,27.23,83,0.0074523011033812,0,25,1.74,77.09,0.09,New York,Male,0,1
A0441,21,9.0,12,31.13,24,2.799065448939307,0,2,1.85,14.28,3.45,Chicago,Female,0,1
A0442,25,18.0,24,34.59,70,3.3483052519059067,0,20,1.06,20.5,4.83,New York,Male,1,1
A0443,20,2.0,3,28.12,21,-0.7794421000398766,0,8,1.73,68.59,1.84,Chicago,Female,1,0
A0444,19,9.0,12,28.96,68,3.3548799604872115,0,4,0.83,56.02,4.92,Chicago,Male,0,0
A0445,26,9.0,12,27.86,41,1.0615304994951464,0,14,1.17,20.39,3.38,New York,Male,1,0
A0446,21,9.0,12,39.7,75,3.854672548830038,0,2,2.07,90.28,4.55,New York,Male,0,1
A0447,24,2.0,3,34.19,21,2.7955982460968483,0,21,1.94,27.59,3.47,Austin,Female,1,1
A0448,14,9.0,12,32.21,18,3.4561202136726448,0,0,1.36,42.11,6.28,New York,Male,0,0
A0449,28,9.0,12,17.29,56,-0.2128669173366935,0,47,2.35,20.23,0.43,Chicago,Female,1,1
A0450,25,9.0,12,26.21,27,0.1377864781110482,0,1,0.84,38.8,1.71,Austin,Male,0,0
A0451,17,9.0,12,38.99,20,2.968320902726828,1,12,1.4,49.16,4.33,Austin,Male,1,0
A0452,16,5.0,6,30.38,25,3.4471423205012384,1,34,1.64,29.52,3.56,Chicago,Male,1,0
A0453,24,9.0,12,36.6,87,1.758273953664456,0,0,0.1,76.91,3.92,New York,Female,0,1
A0454,22,5.0,6,47.67,13,6.132046515517843,0,10,1.42,39.39,8.04,New York,Female,0,0
A0455,21,18.0,24,40.39,41,5.671742381627558,0,6,0.94,72.95,8.86,San Francisco,Female,0,1
A0456,22,9.0,12,30.93,70,0.950127167737656,1,13,0.95,20.71,2.49,New York,Female,1,1
A0457,26,5.0,6,24.89,27,5.744969640045442,0,3,1.36,37.7,8.36,San Francisco,Female,0,0
A0458,30,18.0,24,4.46,65,2.1777576775806256,0,1,0.59,0.81,4.59,Austin,Female,0,0
A0459,21,9.0,12,28.32,98,1.364350694652818,1,14,1.1,75.86,2.74,Austin,Female,1,1
A0460,15,2.0,3,26.74,32,5.697122107411151,0,8,0.6,62.59,9.85,Austin,Male,1,0
A0461,17,9.0,12,33.9,47,7.739725132916389,0,14,1.56,81.78,8.25,San Francisco,Male,1,1
A0462,24,5.0,6,28.46,92,6.993263551971728,0,3,1.55,45.56,9.94,Chicago,Female,0,1
A0463,26,18.0,24,26.8,63,0.4762744920074145,0,6,1.33,79.97,1.68,Chicago,Female,1,1
A0464,19,18.0,24,12.21,53,1.221979910734222,0,12,2.0,64.76,1.44,Austin,Female,0,0
A0465,20,18.0,24,20.6,11,3.4086719503091705,1,13,1.35,0.36,5.03,San Francisco,Female,1,0
A0466,19,9.0,12,34.77,78,4.2520304004667775,0,6,1.49,25.37,6.39,San Francisco,Female,0,0
A0467,15,9.0,12,47.16,4,1.811166700043425,1,4,1.05,49.39,1.71,Austin,Male,0,0
A0468,21,9.0,12,29.02,7,6.7775077100473045,0,4,0.35,61.87,8.6,New York,Female,0,0
A0469,13,5.0,6,33.28,64,3.1934988523894723,0,2,1.43,6.56,5.32,Austin,Female,0,0
A0470,24,9.0,12,39.52,71,2.30118175935532,0,5,1.36,70.51,4.11,San Francisco,Female,0,1
A0471,29,9.0,12,21.89,54,3.938948302848355,0,3,2.35,54.35,6.02,New York,Male,0,1
A0472,20,2.0,3,33.67,88,2.1430788352644146,0,15,1.83,52.58,6.35,Chicago,Male,1,1
A0473,19,9.0,12,22.6,7,-1.214191062198552,0,12,1.29,29.2,0.43,New York,Male,0,0
A0474,17,18.0,24,38.65,61,8.366874267444524,1,7,1.57,59.48,10.0,Chicago,Male,1,1
A0475,26,18.0,24,31.51,70,4.192967713501284,0,5,1.95,2.75,3.64,San Francisco,Female,0,1
A0476,17,2.0,3,32.98,11,0.1849639604436216,0,4,1.76,6.47,0.62,Austin,Male,0,0
A0477,23,2.0,3,22.17,95,6.540556963055766,0,11,2.33,73.39,8.52,Austin,Male,1,1
A0478,27,5.0,6,37.07,24,7.262250154543536,0,37,1.11,32.19,9.93,Austin,Male,1,0
A0479,32,18.0,24,50.85,29,8.790880808455238,0,17,1.99,34.7,8.16,Austin,Male,0,1
A0480,26,5.0,6,19.92,12,7.083574911434576,0,20,1.29,20.84,8.52,Austin,Male,1,0
A0481,13,9.0,12,26.6,82,4.254082408519233,0,26,1.6,44.56,6.26,San Francisco,Female,0,0
A0482,26,5.0,6,32.32,63,5.498459559399574,0,6,1.22,5.2,9.22,San Francisco,Male,1,1
A0483,23,9.0,12,37.86,53,-1.3544463202575725,1,0,1.43,30.04,0.36,Austin,Male,0,0
A0484,15,5.0,6,24.4,12,5.572463635867223,0,14,1.61,52.71,7.67,New York,Male,1,0
A0485,24,8.0,12,1.67,8,3.9406492547156966,0,3,1.8,46.56,6.71,Austin,Female,0,0
A0486,18,4.0,6,43.59,64,-1.0722537095976743,1,12,1.53,99.97,0.5,Chicago,Female,0,1
A0487,9,9.0,12,37.61,7,3.161427115757473,1,20,0.26,38.88,5.44,Chicago,Female,1,0
A0488,15,4.0,6,12.57,72,2.523451996385605,1,22,1.46,38.7,5.15,Chicago,Female,0,0
A0489,17,9.0,12,23.92,65,6.531141635072564,0,5,2.24,50.36,6.92,Chicago,Female,0,0
A0490,18,18.0,24,45.68,58,1.4276397569494503,1,10,1.46,19.03,0.78,Austin,Female,0,0
A0491,21,5.0,6,44.48,61,5.6270273586833826,0,14,2.25,87.63,8.05,Chicago,Female,0,1
A0492,23,18.0,24,39.39,65,2.452944138890026,0,25,1.44,57.23,1.39,New York,Female,1,1
A0493,22,9.0,12,28.24,91,3.010368307647618,1,21,0.71,19.21,4.19,Austin,Male,0,0
A0494,12,5.0,6,30.83,61,5.305715798671736,0,66,1.28,79.34,8.81,Chicago,Male,1,1
A0495,22,9.0,12,28.69,53,5.450124077269657,1,0,1.22,3.43,5.61,Austin,Female,0,0
A0496,19,5.0,6,41.28,52,3.1989100436846583,1,8,1.39,98.26,3.8,Austin,Male,0,0
A0497,18,9.0,12,21.24,6,-0.7012461543264564,1,4,0.91,86.51,0.48,Austin,Female,0,0
A0498,12,9.0,12,21.94,50,4.513661321916391,1,1,1.5,57.96,6.72,San Francisco,Male,0,0
A0499,6,5.0,6,40.1,34,6.033381746615241,0,36,1.34,11.13,9.87,Chicago,Male,0,0
A0500,20,9.0,12,29.56,53,5.001200269035663,0,92,2.14,21.53,9.12,San Francisco,Female,1,0
A0501,19,18.0,24,43.78,54,5.945177547531641,1,2,0.89,27.94,7.17,New York,Male,0,0
A0502,25,18.0,24,23.28,76,2.6444166404701304,1,0,1.62,24.1,1.05,New York,Female,0,1
A0503,14,9.0,12,29.45,36,0.2744324261808588,1,4,1.71,49.75,2.39,San Francisco,Female,0,0
A0504,21,18.0,24,20.78,38,1.8719692366905707,1,27,1.89,94.46,1.87,Chicago,Male,1,1
A0505,21,9.0,12,30.07,72,1.8343574308781727,1,5,1.32,44.42,3.55,Austin,Female,0,1
A0506,19,4.0,6,15.21,45,1.1648746162353036,1,0,1.61,66.16,2.36,New York,Male,0,0
A0507,22,18.0,24,25.12,18,1.1156060757611308,0,0,1.68,68.86,2.44,New York,Male,0,1
A0508,20,9.0,12,15.64,61,3.455009230320184,0,8,0.68,87.16,6.17,New York,Female,1,0
A0509,18,9.0,12,36.94,55,2.2815216279448265,1,40,1.34,3.38,3.19,Chicago,Female,1,0
A0510,10,9.0,12,37.17,21,3.908049883588961,0,5,1.48,40.43,6.77,San Francisco,Female,0,0
A0511,14,18.0,24,12.7,91,6.906456825779839,0,8,1.54,78.47,9.48,San Francisco,Female,1,1
A0512,28,18.0,24,43.34,97,4.415761890550862,0,1,1.54,81.49,6.38,Chicago,Female,0,1
A0513,14,9.0,12,54.97,43,5.025051953133589,1,10,1.72,92.73,7.52,New York,Male,0,1
A0514,24,5.0,6,30.46,83,4.356436337958401,1,17,2.47,70.28,7.52,Chicago,Female,1,1
A0515,23,9.0,12,23.59,49,1.740228669431667,1,4,1.2,24.52,3.31,Chicago,Male,0,0
A0516,15,9.0,12,58.24,96,0.860391225825756,0,5,1.69,50.57,0.15,San Francisco,Female,0,1
A0517,12,5.0,6,16.81,56,0.8859171876243808,1,27,2.15,3.23,0.55,Chicago,Male,1,0
A0518,17,9.0,12,30.2,57,0.9964447552014488,1,0,0.6,64.69,2.82,Chicago,Male,0,1
A0519,23,9.0,12,31.8,97,4.9293323054292255,0,15,1.63,55.43,6.9,New York,Male,0,1
A0520,16,5.0,6,43.45,21,7.100387123371789,0,7,0.66,66.68,9.07,Austin,Male,0,0
A0521,24,4.0,6,33.6,64,5.043594718878627,0,5,2.59,93.01,9.59,New York,Male,0,1
A0522,20,5.0,6,25.01,95,0.7253601923799351,0,16,1.76,68.73,0.26,San Francisco,Female,0,1
A0523,21,18.0,24,20.49,61,6.267376241054153,1,26,1.69,32.04,9.9,Austin,Male,0,1
A0524,29,5.0,6,26.58,67,2.824598668593159,0,12,0.56,19.87,3.22,New York,Female,1,0
A0525,18,4.0,6,19.93,70,5.1377408434574825,1,0,1.25,85.46,8.43,Chicago,Male,0,0
A0526,25,9.0,12,30.48,30,-0.544882100664519,0,9,1.25,19.43,1.8,Chicago,Female,1,0
A0527,24,4.0,6,24.36,20,-1.1865424378831628,0,9,2.38,16.16,0.63,Austin,Male,1,0
A0528,24,2.0,3,15.06,28,2.694084946661382,0,11,1.86,20.66,3.78,Austin,Male,1,0
A0529,16,5.0,6,42.55,21,6.272722501721482,0,16,0.67,50.88,8.59,Chicago,Female,0,0
A0530,34,9.0,12,25.02,57,0.6426833748955914,0,0,1.73,12.42,2.21,San Francisco,Female,0,1
A0531,23,9.0,12,17.32,59,1.7165924587773738,0,10,0.75,93.81,1.54,New York,Male,0,1
A0532,21,4.0,6,28.32,8,4.708479937731039,0,13,0.69,96.63,9.1,Chicago,Male,0,0
A0533,17,9.0,12,30.68,3,6.499920201352683,0,6,1.73,97.38,9.38,New York,Female,0,1
A0534,16,18.0,24,12.54,10,-1.1200161997624565,1,16,1.87,3.91,0.13,New York,Male,1,0
A0535,31,5.0,6,33.32,99,4.43716389219784,0,3,1.73,94.62,7.27,New York,Male,0,1
A0536,24,5.0,6,19.53,53,2.2103986713164137,0,5,2.44,99.74,3.09,New York,Female,0,1
A0537,22,5.0,6,47.11,87,1.7645866347160477,1,49,1.68,94.24,3.75,San Francisco,Male,0,1
A0538,31,9.0,12,35.24,90,2.8984444557701745,0,6,1.59,67.09,4.69,San Francisco,Male,1,1
A0539,18,9.0,12,26.0,27,3.99529280921444,1,6,0.89,70.12,4.27,San Francisco,Female,0,0
A0540,15,5.0,6,22.55,49,3.028108130476851,1,13,1.93,12.23,5.15,Chicago,Male,1,0
A0541,18,9.0,12,28.95,57,4.909692112065142,0,53,0.67,87.43,5.82,Chicago,Female,1,0
A0542,20,2.0,3,36.13,66,2.132293145342382,1,61,2.51,5.96,4.66,Chicago,Female,1,1
A0543,22,9.0,12,29.75,85,5.443804177915283,1,13,1.94,31.77,7.02,San Francisco,Male,0,1
A0544,16,9.0,12,27.83,95,6.474568620657901,1,0,2.89,99.12,7.19,New York,Male,0,1
A0545,23,4.0,6,30.58,12,0.6083554998727108,1,34,1.69,42.23,4.4,San Francisco,Female,1,1
A0546,23,9.0,12,23.96,58,0.1971047445295231,0,12,1.96,13.12,1.42,Chicago,Female,0,1
A0547,14,5.0,6,26.57,14,5.06407212718054,1,6,1.36,96.93,6.41,Austin,Male,1,0
A0548,16,9.0,12,9.14,35,5.207954613957007,0,26,1.48,98.41,7.73,Chicago,Female,1,0
A0549,19,2.0,3,39.74,73,4.837145873371308,0,7,0.97,18.7,6.38,New York,Male,1,0
A0550,9,18.0,24,32.99,19,3.5120148132841793,0,0,0.78,86.48,5.88,San Francisco,Female,0,0
A0551,21,5.0,6,22.27,63,1.6895897874729,0,25,1.59,39.04,2.29,Austin,Female,1,1
A0552,16,18.0,24,48.99,12,4.35932276460792,0,11,1.48,38.14,6.45,Austin,Female,0,0
A0553,7,5.0,6,30.87,33,3.512782061659807,1,6,0.96,26.27,3.35,New York,Male,1,0
A0554,20,9.0,12,19.64,62,6.694420843301213,1,4,1.05,4.47,9.2,San Francisco,Female,0,0
A0555,21,5.0,6,38.57,72,4.915602662075202,0,13,1.52,26.8,6.54,Austin,Female,0,1
A0556,16,18.0,24,33.98,19,1.5341230338775325,1,3,0.95,5.38,2.78,Chicago,Female,0,0
A0557,17,5.0,6,33.95,52,2.8233937759275065,1,5,1.68,92.44,4.73,New York,Female,0,1
A0558,14,5.0,6,25.74,39,5.49644181218038,0,15,0.97,66.17,8.47,Austin,Male,1,0
A0559,33,9.0,12,34.5,84,2.7394521423782967,0,31,1.63,88.66,3.35,New York,Female,1,1
A0560,22,2.0,3,27.38,64,3.254015519179737,1,11,0.92,71.73,5.25,San Francisco,Male,1,1
A0561,28,5.0,6,35.56,92,5.049774856896413,1,21,0.93,13.13,6.8,San Francisco,Female,1,1
A0562,30,19.0,24,10.95,82,7.360400798645438,1,21,0.32,94.06,7.55,San Francisco,Female,1,1
A0563,20,18.0,24,25.66,74,2.0891247034316924,1,16,1.42,89.99,1.74,Chicago,Male,1,0
A0564,26,5.0,6,47.22,90,3.628976467832159,0,4,2.23,34.81,5.65,Austin,Male,0,1
A0565,21,18.0,24,22.33,79,7.585213922163945,0,30,2.2,11.15,9.12,San Francisco,Female,1,1
A0566,17,9.0,12,23.96,31,6.367924626978448,0,8,1.66,70.42,9.68,Chicago,Female,1,0
A0567,18,4.0,6,25.52,34,2.553875464822146,0,0,0.5,72.84,6.56,San Francisco,Female,0,0
A0568,12,9.0,12,17.85,90,5.879913689082596,1,4,1.92,89.68,9.84,San Francisco,Male,0,1
A0569,20,9.0,12,7.92,82,2.126208078974144,1,21,1.61,5.27,5.71,Austin,Female,1,0
A0570,27,18.0,24,27.69,13,2.749486515958691,0,1,1.3,14.17,4.43,Chicago,Male,0,0
A0571,19,5.0,6,31.36,98,3.8824183791895512,1,2,2.1,59.82,5.52,San Francisco,Female,0,1
A0572,26,9.0,12,29.47,8,2.4884373122752828,0,17,1.81,61.91,1.16,Chicago,Male,0,1
A0573,24,2.0,3,28.55,37,3.1409273737641623,1,33,2.48,3.36,4.02,Chicago,Male,0,0
A0574,24,5.0,6,30.43,35,2.9868994711911356,1,15,0.8,39.69,4.58,San Francisco,Male,0,0
A0575,20,2.0,3,40.23,20,6.772405581183489,1,3,0.84,58.42,8.49,San Francisco,Female,0,0
A0576,19,18.0,24,28.1,39,3.1018646909921146,1,0,0.92,73.79,7.59,New York,Female,0,0
A0577,20,18.0,24,24.26,15,4.442614558108565,0,14,1.36,31.62,6.01,Austin,Male,1,0
A0578,16,9.0,12,27.19,76,3.199865193886967,1,0,2.29,48.39,3.47,San Francisco,Male,0,0
A0579,14,9.0,12,35.79,92,-0.1695862457798416,1,14,1.19,81.41,1.87,New York,Male,1,1
A0580,17,5.0,6,44.12,83,3.579754043206929,0,3,1.2,95.39,3.48,Austin,Female,0,1
A0581,19,5.0,6,23.72,66,5.098496407494414,1,35,1.71,23.03,6.8,San Francisco,Female,1,0
A0582,23,5.0,6,30.99,3,1.4257120860991983,1,9,1.92,25.3,2.63,Chicago,Female,1,1
A0583,19,5.0,6,33.38,65,3.621781866106285,0,3,0.38,93.98,4.27,Austin,Male,0,1
A0584,22,9.0,12,20.07,91,4.979692857804396,0,28,2.02,39.59,3.87,Chicago,Female,1,1
A0585,16,9.0,12,30.2,36,5.543866255058496,1,4,1.17,71.83,7.66,New York,Female,0,0
A0586,21,2.0,3,15.34,12,6.436220586300336,1,5,1.45,61.23,8.84,San Francisco,Female,0,0
A0587,21,2.0,3,12.31,86,4.4336391004597555,0,26,2.21,28.56,6.99,New York,Male,1,1
A0588,33,5.0,6,33.67,9,1.544155630535208,0,5,1.39,65.36,3.42,San Francisco,Female,0,1
A0589,15,9.0,12,26.16,58,3.861335816544245,0,7,0.73,65.56,4.33,San Francisco,Female,1,0
A0590,18,18.0,24,32.02,82,0.1449161740911326,1,6,0.76,59.24,1.43,Chicago,Female,1,1
A0591,22,9.0,12,29.82,39,1.2475662372193923,1,1,1.49,9.97,1.68,New York,Female,0,0
A0592,16,18.0,24,20.24,31,0.6703425532348832,0,0,1.33,99.52,1.64,Chicago,Female,0,0
A0593,26,9.0,12,29.55,14,1.395979825746392,0,19,1.53,40.04,1.31,Chicago,Male,1,1
A0594,19,5.0,6,17.67,19,1.5936621052869484,0,15,1.3,63.83,1.8,Chicago,Male,1,0
A0595,21,5.0,6,43.91,50,2.4585399442578995,1,4,2.12,88.58,2.03,New York,Male,0,1
A0596,19,18.0,24,16.44,86,0.2739836011452529,0,5,1.51,42.33,1.12,San Francisco,Male,0,0
A0597,15,9.0,12,28.04,28,4.210125064706628,0,43,0.62,77.39,6.4,San Francisco,Female,1,0
A0598,14,4.0,6,19.58,85,5.951236284217693,0,65,1.91,97.18,9.9,New York,Female,1,1
A0599,25,9.0,12,35.7,14,5.708706739923887,1,9,2.45,35.89,8.79,San Francisco,Male,1,1
A0600,22,9.0,12,26.69,23,0.699300493044852,0,24,1.58,40.53,0.46,New York,Male,1,0
A0601,31,9.0,12,24.81,44,3.717988616645352,0,20,1.62,90.56,4.23,New York,Male,1,1
A0602,23,18.0,24,38.53,63,5.090834675822374,1,5,1.11,15.96,8.59,San Francisco,Female,0,1
A0603,30,9.0,12,30.29,60,1.81460592010566,0,0,1.38,2.86,1.35,Austin,Female,0,1
A0604,16,9.0,12,35.17,56,7.29163785880495,0,2,1.75,90.89,8.48,Chicago,Female,0,1
A0605,21,2.0,3,20.19,36,4.564434903223701,1,27,2.07,82.16,5.93,New York,Male,1,1
A0606,18,3.0,3,15.95,9,8.393795812558066,0,19,1.72,97.26,9.31,New York,Male,0,0
A0607,23,5.0,6,31.07,37,5.358210800896426,0,16,2.41,5.82,8.76,Austin,Male,1,1
A0608,27,2.0,3,26.81,17,3.494345296688582,0,2,1.55,15.62,6.77,New York,Female,0,0
A0609,22,9.0,12,36.26,67,2.8272797510957215,1,15,0.94,10.53,6.58,New York,Female,1,1
A0610,20,9.0,12,29.2,92,2.987044311489183,0,22,0.95,68.34,2.13,San Francisco,Male,0,0
A0611,20,5.0,6,32.05,27,1.4733656563540576,1,29,2.12,60.6,1.17,San Francisco,Male,1,1
A0612,17,18.0,24,13.77,61,2.849415329089545,0,0,2.0,35.93,4.15,Austin,Female,0,0
A0613,22,5.0,6,48.88,81,1.5889686263198202,0,17,0.68,5.74,1.87,New York,Female,0,1
A0614,18,4.0,6,28.36,88,-0.4114890472983765,1,0,1.4,63.97,1.02,Chicago,Male,0,0
A0615,20,5.0,6,36.98,8,4.559751979616826,1,18,1.41,57.01,3.02,San Francisco,Male,1,0
A0616,22,5.0,6,21.64,54,6.149221181975227,0,15,1.12,11.29,8.6,Chicago,Female,1,0
A0617,18,5.0,6,33.08,81,0.2283947946048929,1,2,0.79,90.89,0.17,Chicago,Male,0,1
A0618,12,9.0,12,16.97,90,2.776766623898693,0,21,1.11,19.89,2.93,Austin,Male,0,0
A0619,21,9.0,12,34.52,23,3.449009231736713,0,1,1.02,74.35,4.24,Austin,Female,0,1
A0620,17,18.0,24,26.44,73,3.800884024279131,0,26,0.81,88.51,5.11,New York,Male,1,0
A0621,16,2.0,3,30.29,95,0.4835255445546881,1,4,1.91,57.95,1.82,Austin,Female,0,1
A0622,14,5.0,6,36.98,98,7.219468357135996,0,17,1.64,24.68,9.64,San Francisco,Male,1,1
A0623,13,2.0,3,17.67,34,5.935024496475034,0,38,1.27,30.92,5.79,New York,Female,1,0
A0624,11,9.0,12,23.16,55,4.999420046154977,0,6,0.46,88.57,5.22,New York,Male,1,0
A0625,14,2.0,3,34.57,61,1.6561866266393972,0,10,1.35,29.83,0.09,Chicago,Male,1,0
A0626,27,18.0,24,50.98,71,2.890784323568815,1,9,1.76,74.62,4.86,Chicago,Male,0,1
A0627,18,9.0,12,28.62,64,4.87639517974142,1,2,1.13,99.02,8.38,Chicago,Female,0,0
A0628,17,9.0,12,35.91,6,1.4142130799003518,1,13,0.93,99.98,2.2,New York,Male,1,0
A0629,20,9.0,12,28.93,88,2.5127249122886943,0,20,1.44,53.35,3.51,Austin,Male,1,0
A0630,18,5.0,6,49.42,20,1.2411915184709486,0,37,1.67,82.66,0.21,Austin,Female,0,1
A0631,15,4.0,6,12.53,83,5.14653537028518,1,28,0.5,99.02,9.77,Austin,Male,1,0
A0632,17,5.0,6,30.95,58,1.9985503194606136,1,10,2.18,37.47,0.67,New York,Female,1,1
A0633,13,9.0,12,13.74,26,6.12799210142101,0,19,0.88,25.24,8.98,New York,Female,1,0
A0634,26,4.0,6,4.93,68,1.7641189300525797,1,24,1.29,11.42,3.13,New York,Female,1,0
A0635,24,4.0,6,32.97,15,3.103895624739832,1,10,2.09,14.09,5.88,New York,Male,0,1
A0636,26,18.0,24,31.39,64,3.0981433281342303,1,1,1.56,85.36,6.79,New York,Female,0,1
A0637,17,2.0,3,27.15,56,1.8101705839619144,0,8,2.05,58.87,1.41,Austin,Male,0,1
A0638,18,18.0,24,28.94,17,3.181317967188404,0,27,2.28,87.37,4.44,New York,Female,1,0
A0639,20,9.0,12,60.98,71,0.985039100258946,0,13,0.77,78.95,3.25,Austin,Male,0,1
A0640,12,4.0,6,27.42,5,-0.8960787720636161,0,19,1.95,67.37,0.57,New York,Female,1,0
A0641,12,5.0,6,35.1,39,5.495215300709871,0,3,2.16,60.93,8.33,Austin,Female,0,1
A0642,22,5.0,6,23.51,39,1.984021525289393,0,50,1.31,4.83,0.45,San Francisco,Male,0,0
A0643,19,9.0,12,32.95,5,4.3114086486363945,1,7,1.35,87.23,6.53,San Francisco,Female,1,0
A0644,12,9.0,12,27.62,65,0.6948570468818938,0,15,0.54,41.78,3.14,Austin,Male,1,0
A0645,21,9.0,12,25.89,37,1.0982569359140557,0,0,1.89,55.98,1.92,San Francisco,Female,0,1
A0646,18,18.0,24,48.19,54,4.396276430252329,1,2,0.23,2.2,6.67,San Francisco,Male,0,0
A0647,23,9.0,12,41.77,89,1.3281133570584278,1,22,1.98,93.61,5.75,Austin,Female,0,1
A0648,28,5.0,6,31.37,30,2.1507051334821874,1,51,0.79,90.27,3.15,New York,Female,1,1
A0649,15,4.0,6,6.96,96,3.360065469791322,0,5,2.2,54.33,5.13,New York,Male,0,1
A0650,16,18.0,24,26.39,20,2.418206364813418,1,0,1.7,57.73,2.46,Austin,Female,0,0
A0651,24,5.0,6,57.03,38,7.896956094945345,0,6,2.0,70.5,8.64,Chicago,Male,0,1
A0652,14,2.0,3,27.69,35,3.3245650295477573,0,0,1.09,26.47,3.14,Chicago,Male,0,0
A0653,14,9.0,12,41.03,66,1.4461113094451696,1,3,0.83,22.19,2.45,San Francisco,Female,0,0
A0654,22,9.0,12,44.42,28,4.1574740912583295,0,20,0.62,67.4,7.52,Chicago,Female,0,1
A0655,30,18.0,24,32.19,50,2.69935980324986,0,41,2.05,10.44,0.18,San Francisco,Female,0,1
A0656,21,9.0,12,21.58,42,1.935218434014488,0,1,1.83,45.41,2.68,New York,Male,0,0
A0657,13,2.0,3,5.65,19,2.6389292919129463,0,12,1.85,49.28,3.75,Austin,Male,1,0
A0658,18,18.0,24,36.84,42,6.149874912889996,0,4,1.65,38.13,8.82,New York,Female,0,0
A0659,17,5.0,6,21.85,9,6.848084760767855,1,2,1.77,18.53,9.5,Austin,Male,0,0
A0660,32,5.0,6,31.76,59,4.867639588076057,0,3,1.35,35.53,7.16,Chicago,Female,0,1
A0661,19,9.0,12,17.5,10,2.877337993119763,1,12,1.69,33.76,4.93,New York,Female,1,0
A0662,17,2.0,3,27.35,58,3.940141058759608,0,1,1.07,49.93,6.41,New York,Female,0,0
A0663,20,9.0,12,30.34,33,2.865246729784001,0,8,1.33,67.47,4.14,San Francisco,Male,1,0
A0664,22,5.0,6,32.69,61,1.549575228866235,0,2,3.02,96.82,2.99,Austin,Male,0,1
A0665,16,9.0,12,18.85,60,5.9441542173228346,0,4,1.52,14.42,9.51,Chicago,Female,0,0
A0666,24,5.0,6,41.97,14,0.9114302276918969,1,3,0.51,87.3,1.15,New York,Male,0,1
A0667,9,9.0,12,24.03,50,2.1670227825791444,0,32,1.3,28.42,3.46,Austin,Female,1,0
A0668,13,18.0,24,13.26,33,7.796992988582689,0,18,0.97,59.14,8.99,Chicago,Female,1,0
A0669,17,4.0,6,28.91,85,2.410030191606988,1,30,1.58,54.67,7.23,New York,Male,1,1
A0670,23,5.0,6,30.34,65,1.2945068519224618,0,7,1.06,55.69,0.29,Austin,Female,0,1
A0671,24,5.0,6,31.61,76,1.407085192497629,1,5,1.39,72.34,0.23,San Francisco,Female,0,1
A0672,17,4.0,6,43.62,41,1.5456097675918503,1,7,1.13,38.17,5.17,New York,Female,0,0
A0673,22,9.0,12,27.64,78,3.0453124059196512,0,0,1.6,31.91,4.84,Austin,Female,0,1
A0674,18,9.0,12,28.8,22,2.729559134004208,0,19,1.19,85.28,4.43,Chicago,Female,1,0
A0675,17,4.0,6,18.97,50,0.7064883052821787,0,6,1.68,22.01,3.02,Chicago,Male,1,0
A0676,23,5.0,6,38.21,73,6.1311833124091235,1,5,2.47,18.02,9.87,San Francisco,Male,0,1
A0677,17,4.0,6,31.84,56,0.7934241545341711,0,13,0.92,1.56,2.72,New York,Female,1,0
A0678,24,9.0,12,25.8,80,5.182270443423623,0,8,1.86,21.06,4.9,San Francisco,Male,1,1
A0679,21,5.0,6,10.95,77,3.770678393147461,0,59,0.27,51.85,4.05,Austin,Female,1,1
A0680,31,18.0,24,44.44,73,2.461555094994159,0,6,1.38,53.85,1.7,Chicago,Female,0,1
A0681,13,9.0,12,17.72,31,2.142672064043235,0,14,1.61,25.44,2.03,San Francisco,Female,0,0
A0682,17,4.0,6,24.09,76,5.29694822878277,1,5,1.13,7.23,9.18,New York,Female,0,0
A0683,15,9.0,12,33.58,95,5.481479733720226,0,69,0.61,74.46,8.58,Austin,Male,1,1
A0684,17,18.0,24,18.03,75,1.882374561227918,1,8,1.48,75.8,1.99,New York,Male,1,0
A0685,21,9.0,12,15.06,50,4.909872191108054,1,15,2.27,99.78,8.76,San Francisco,Female,0,1
A0686,16,5.0,6,8.76,76,2.175998430172388,0,2,1.43,90.0,2.09,Chicago,Male,0,0
A0687,17,5.0,6,37.21,85,4.148674601841864,0,19,1.78,92.61,6.27,Chicago,Female,0,1
A0688,24,18.0,24,24.55,58,0.1921791924504027,0,4,2.06,79.82,0.81,San Francisco,Male,0,1
A0689,21,9.0,12,59.27,97,6.870959968203492,1,8,2.74,61.55,8.8,New York,Female,0,1
A0690,20,9.0,12,20.06,19,0.8082633114860399,0,32,0.97,12.85,0.52,New York,Female,0,0
A0691,21,18.0,24,20.79,11,3.52403383418092,1,52,1.03,62.23,5.55,New York,Female,1,0
A0692,13,18.0,24,24.35,99,6.6193298033642485,1,8,1.35,5.6,7.8,New York,Male,1,0
A0693,16,18.0,24,32.43,36,-0.2620633275998973,0,27,1.81,88.53,1.17,Chicago,Male,1,1
A0694,22,2.0,3,25.3,47,3.4439356069442635,1,0,0.34,48.18,4.04,New York,Female,0,0
A0695,9,9.0,12,36.12,90,0.8871012579683837,0,28,1.83,69.75,0.42,San Francisco,Male,1,1
A0696,23,9.0,12,20.21,11,4.471453560686009,1,14,1.57,5.22,6.83,San Francisco,Male,1,0
A0697,10,9.0,12,16.18,9,2.4751330222421175,0,10,1.23,53.42,3.07,San Francisco,Male,1,0
A0698,20,9.0,12,12.02,18,2.6618864236146966,0,33,1.71,30.13,5.59,San Francisco,Male,1,0
A0699,18,5.0,6,7.76,21,7.4550270192069,0,27,1.94,28.5,9.33,New York,Male,1,0
A0700,22,9.0,12,24.82,8,1.9570978635570109,1,5,2.01,38.97,3.06,Chicago,Male,0,0
A0701,17,9.0,12,26.99,13,-0.1797230205190395,0,23,1.51,0.06,0.49,Austin,Male,0,0
A0702,22,2.0,3,23.69,78,5.781009225836889,1,1,1.66,46.67,6.76,New York,Male,0,1
A0703,15,9.0,12,42.43,63,4.80465630945724,0,25,1.64,48.66,7.87,Austin,Male,0,1
A0704,17,4.0,6,42.28,44,5.29753870363644,0,16,2.12,86.31,9.58,Chicago,Male,0,1
A0705,23,4.0,6,26.65,15,-0.4506291735239038,0,1,1.69,44.85,1.58,New York,Male,0,0
A0706,17,2.0,3,12.06,14,3.3500099513456396,0,17,1.82,36.36,3.92,Austin,Male,1,0
A0707,19,9.0,12,24.33,87,4.627570647503717,0,13,1.95,99.47,8.44,Chicago,Male,1,1
A0708,23,9.0,12,24.0,76,7.403794181984365,0,13,2.48,57.12,8.07,Austin,Female,1,1
A0709,24,9.0,12,23.43,22,2.293070592116278,1,5,1.21,47.26,6.25,San Francisco,Female,0,0
A0710,22,9.0,12,23.02,52,3.579456368290038,0,4,2.31,49.59,2.69,San Francisco,Male,0,0
A0711,26,18.0,24,23.47,38,2.1990174672026184,0,21,2.74,80.92,2.84,Chicago,Male,0,1
A0712,14,5.0,6,26.13,94,0.7712868881296076,0,4,1.24,34.07,1.24,Chicago,Male,0,0
A0713,30,5.0,6,23.64,90,5.90908091319105,1,8,1.39,38.92,9.22,Austin,Female,1,0
A0714,16,18.0,24,32.08,71,1.6101361143520707,0,17,1.29,75.59,1.73,Chicago,Female,1,1
A0715,21,5.0,6,33.6,39,3.973365297575152,0,1,1.83,7.3,5.73,San Francisco,Male,0,1
A0716,31,18.0,24,20.89,14,5.191301882016522,0,13,0.57,86.52,5.84,San Francisco,Male,1,0
A0717,15,18.0,24,42.71,42,2.7042276486620396,1,13,1.25,43.02,3.7,New York,Male,0,0
A0718,25,9.0,12,20.2,56,2.6213017614618774,1,17,1.36,58.13,3.53,Austin,Male,0,1
A0719,19,18.0,24,13.82,4,4.319387787786144,0,6,1.32,75.75,6.69,Chicago,Male,1,0
A0720,28,2.0,3,33.81,52,2.6590543762789323,0,8,1.31,26.61,3.88,Chicago,Female,1,0
A0721,24,5.0,6,21.83,43,2.092801768892059,1,6,1.26,89.03,2.55,Chicago,Male,1,0
A0722,25,9.0,12,33.21,47,1.0828316073433748,1,24,1.89,97.92,3.99,Austin,Female,1,1
A0723,23,4.0,6,5.96,11,4.307814577894287,1,2,1.77,49.43,8.08,San Francisco,Male,0,0
A0724,14,18.0,24,43.92,64,7.505264094022714,1,49,2.35,93.69,9.66,Chicago,Male,0,1
A0725,7,2.0,3,36.72,88,4.622865438127942,1,15,1.89,0.11,6.36,Chicago,Female,1,1
A0726,13,9.0,12,15.0,49,5.290016663647321,1,32,0.95,89.42,7.82,San Francisco,Female,0,0
A0727,23,9.0,12,15.21,7,3.749433933065393,0,8,1.41,31.1,5.33,Chicago,Male,1,0
A0728,20,9.0,12,46.72,78,4.722581705361671,0,6,1.36,31.15,6.25,New York,Female,0,0
A0729,22,5.0,6,22.63,3,6.3762403196906385,0,34,1.63,22.81,9.88,San Francisco,Male,1,0
A0730,22,4.0,6,21.66,46,2.287695274597687,1,1,2.05,31.7,4.38,San Francisco,Female,0,0
A0731,18,18.0,24,7.34,24,0.6578452550976815,1,1,1.59,21.35,0.66,San Francisco,Female,0,0
A0732,23,4.0,6,26.49,40,5.720627222384968,1,5,1.59,90.59,9.57,New York,Male,0,1
A0733,14,18.0,24,27.72,21,5.959252755714471,0,48,1.51,89.9,7.93,San Francisco,Male,1,0
A0734,12,9.0,12,37.15,82,1.0834163957621596,0,15,1.91,10.22,3.98,Austin,Female,1,1
A0735,23,9.0,12,16.01,33,7.903155637325643,0,12,1.22,14.29,9.82,Austin,Male,1,0
A0736,22,9.0,12,14.8,69,2.894597482413043,0,18,0.77,86.2,3.46,Austin,Female,0,1
A0737,21,5.0,6,34.51,89,2.860029734313876,1,8,1.82,39.89,3.72,San Francisco,Female,1,1
A0738,20,9.0,12,40.07,44,5.252690983945514,1,21,1.69,16.93,6.1,San Francisco,Male,0,0
A0739,21,18.0,24,14.29,84,3.583474444462577,0,7,2.16,51.07,2.74,San Francisco,Female,0,1
A0740,23,9.0,12,40.82,28,5.90737006501813,0,26,0.29,41.67,6.99,New York,Male,0,0
A0741,25,18.0,24,30.38,15,-0.7698742313316453,1,4,1.45,21.92,1.53,Austin,Male,0,0
A0742,33,9.0,12,40.92,60,-0.5235769667357015,0,4,1.55,72.08,1.08,Chicago,Female,0,1
A0743,18,5.0,6,29.3,20,3.120181422304321,1,11,0.74,63.13,5.35,Chicago,Male,1,0
A0744,18,5.0,6,4.78,69,3.9110910502108336,0,8,1.46,9.97,5.55,San Francisco,Female,1,0
A0745,17,18.0,24,28.48,89,1.266659020469123,0,15,2.09,92.54,1.07,New York,Female,0,1
A0746,27,5.0,6,40.6,5,6.022256186846534,0,6,2.54,55.85,9.64,San Francisco,Male,0,1
A0747,19,18.0,24,21.06,57,4.197766764477079,0,3,1.99,25.02,5.73,Chicago,Male,0,0
A0748,25,18.0,24,26.12,91,0.3016170676466774,0,9,1.34,20.63,1.51,Austin,Female,0,0
A0749,21,5.0,6,28.24,93,1.5654821970080517,0,12,2.13,13.59,3.11,Chicago,Male,1,1
A0750,23,0.0,3,1.0,60,4.193338903151777,0,2,1.96,42.46,8.0,Austin,Female,0,1
A0751,23,9.0,12,46.71,65,2.7377667538890957,0,12,1.26,13.55,5.23,Austin,Female,0,1
A0752,23,4.0,6,20.99,93,-0.0356846056163338,0,5,1.21,41.58,1.88,New York,Female,0,0
A0753,21,9.0,12,35.06,54,-0.2548732529773327,0,7,1.42,14.88,1.03,Chicago,Female,1,1
A0754,19,9.0,12,29.13,91,4.070641796607839,0,4,0.97,65.68,4.31,San Francisco,Female,0,0
A0755,23,9.0,12,42.58,26,1.4096011111680569,1,40,1.34,78.52,3.37,New York,Male,0,1
A0756,18,9.0,12,34.06,74,7.224382064837391,1,17,1.74,54.95,6.56,Austin,Female,1,1
A0757,18,5.0,6,27.65,11,6.968317900880889,0,4,2.02,68.01,9.25,Chicago,Female,0,0
A0758,11,9.0,12,21.06,39,1.920836123694874,0,15,1.31,93.84,2.48,San Francisco,Female,1,0
A0759,22,5.0,6,37.98,96,5.126642219818787,0,28,2.19,63.84,8.55,New York,Female,1,1
A0760,26,5.0,6,11.27,85,7.14030987940899,0,7,1.83,36.42,9.2,San Francisco,Female,1,1
A0761,17,9.0,12,36.46,55,5.7383621737622255,1,26,1.85,44.95,9.02,Chicago,Female,1,1
A0762,16,18.0,24,19.01,82,6.786009814645361,1,2,1.04,86.05,9.52,San Francisco,Male,0,0
A0763,14,5.0,6,42.52,26,8.454084538268795,1,25,2.4,13.07,8.42,New York,Male,0,0
A0764,22,9.0,12,31.61,23,4.05494010027535,0,11,1.78,32.57,5.93,San Francisco,Female,1,1
A0765,21,9.0,12,36.44,42,4.019273326285676,0,3,1.33,57.73,4.1,Chicago,Female,0,1
A0766,20,5.0,6,30.82,64,2.7408235748741125,1,7,1.25,67.64,4.92,New York,Female,1,1
A0767,16,5.0,6,12.48,72,6.076011509503038,0,66,1.34,76.35,8.73,Austin,Male,1,0
A0768,24,18.0,24,21.39,71,3.8778006356355097,0,22,0.99,31.82,3.01,New York,Female,1,0
A0769,19,9.0,12,36.72,16,0.4860329422122326,1,12,1.99,14.59,1.59,Chicago,Female,1,0
A0770,16,9.0,12,31.67,44,2.7994485579969286,1,1,1.04,95.48,1.41,San Francisco,Female,0,0
A0771,20,9.0,12,41.81,52,6.4967519354554755,1,8,1.64,7.64,8.27,Austin,Female,0,0
A0772,17,2.0,3,34.03,63,4.764533224105732,0,4,1.28,9.58,7.61,Austin,Female,0,0
A0773,16,9.0,12,20.33,6,4.118407739055521,0,1,1.84,49.49,4.98,San Francisco,Female,0,0
A0774,20,9.0,12,22.04,74,2.8975544496267296,0,11,1.9,81.93,2.75,Chicago,Male,1,1
A0775,14,9.0,12,31.03,90,5.367809962217196,1,32,1.18,77.45,6.78,New York,Female,1,1
A0776,21,4.0,6,6.86,77,-1.3042247198904564,0,16,1.48,93.77,0.38,Chicago,Female,1,1
A0777,21,2.0,3,46.73,19,3.2488628241751307,1,4,0.78,14.16,5.68,Austin,Female,0,0
A0778,25,5.0,6,34.42,87,2.5384813644484954,1,12,2.35,37.57,3.98,New York,Female,0,1
A0779,22,18.0,24,42.27,59,6.771566570899953,0,43,2.03,28.21,9.78,New York,Female,0,1
A0780,26,9.0,12,14.19,92,4.176672097550678,0,19,0.8,86.09,5.08,San Francisco,Female,1,1
A0781,32,9.0,12,42.45,50,4.041701000933253,0,17,1.07,48.84,5.52,Chicago,Female,0,0
A0782,12,2.0,3,52.31,46,3.6486556412898983,1,51,1.43,2.68,7.12,New York,Female,0,0
A0783,15,2.0,3,16.79,47,3.775197851005963,1,24,1.52,70.8,4.85,San Francisco,Female,1,0
A0784,26,9.0,12,37.71,93,2.185585745283823,1,2,1.16,38.87,2.25,Chicago,Male,0,1
A0785,17,9.0,12,30.01,82,4.31879044793104,0,6,0.93,53.11,5.37,Austin,Male,1,1
A0786,21,9.0,12,14.56,92,7.688780725554621,0,50,1.7,89.38,9.44,Austin,Male,1,1
A0787,11,5.0,6,34.93,35,3.703922154548904,1,10,2.37,25.67,4.1,Chicago,Female,1,0
A0788,9,9.0,12,38.34,33,5.219180079228437,0,1,1.53,24.03,6.8,New York,Male,0,0
A0789,29,5.0,6,23.99,49,6.775834288541352,1,9,1.35,26.32,9.78,New York,Male,0,0
A0790,21,4.0,6,41.66,8,4.1490390664840096,1,17,1.3,33.81,8.3,Austin,Male,0,0
A0791,16,9.0,12,13.33,74,5.042618219132585,0,90,0.95,10.74,6.59,Austin,Male,1,0
A0792,31,5.0,6,15.05,73,5.359687687163111,0,5,1.16,69.72,7.36,New York,Female,0,1
A0793,19,5.0,6,31.37,36,6.823578837195373,0,10,2.07,20.74,9.36,Chicago,Male,1,0
A0794,15,9.0,12,30.25,55,5.4432514241796905,0,31,0.46,92.61,9.6,Austin,Male,1,1
A0795,15,9.0,12,22.83,16,5.701943459591737,1,6,1.54,21.57,9.69,New York,Female,1,0
A0796,19,18.0,24,38.1,18,5.435152853332903,1,1,1.51,25.56,6.26,Chicago,Male,0,0
A0797,13,9.0,12,35.31,45,2.655444846143345,1,44,1.56,29.7,3.85,San Francisco,Female,1,0
A0798,17,2.0,3,38.58,75,1.6125006973726244,1,10,1.86,76.85,1.33,Chicago,Male,1,1
A0799,25,5.0,6,28.77,76,2.7303183761304592,0,10,1.53,42.76,3.86,New York,Male,1,1
A0800,20,18.0,24,36.03,83,6.630756139495742,0,14,1.27,81.93,9.43,Chicago,Male,1,1
A0801,14,9.0,12,25.54,14,7.168283805975998,1,0,1.17,78.49,8.9,New York,Female,0,0
A0802,23,9.0,12,50.54,72,3.151955271782626,0,40,2.15,92.95,5.24,Austin,Male,0,1
A0803,18,2.0,3,21.87,21,3.855120776940983,1,6,2.02,75.66,5.37,San Francisco,Male,1,0
A0804,26,9.0,12,51.05,43,1.700724711294957,1,7,2.94,5.19,3.09,Austin,Female,0,1
A0805,21,2.0,3,30.35,55,2.750503772567684,0,2,1.36,83.73,4.55,Austin,Male,0,1
A0806,22,9.0,12,16.24,31,4.68882787653136,0,7,1.18,93.81,7.14,New York,Male,0,0
A0807,10,18.0,24,43.68,72,3.0361337716337125,0,24,1.73,99.37,4.02,New York,Male,0,1
A0808,26,18.0,24,31.26,61,0.8372513783365227,1,24,1.71,12.53,1.88,New York,Male,1,1
A0809,18,9.0,12,38.51,91,5.04275612557352,0,41,1.82,61.33,5.41,New York,Male,0,1
A0810,13,9.0,12,42.24,66,0.680392697780496,1,7,1.92,19.95,2.25,Austin,Female,0,1
A0811,23,18.0,24,33.38,26,6.631128355838641,0,18,1.81,26.25,9.74,New York,Female,1,1
A0812,15,9.0,12,24.08,91,2.290268941725825,1,10,2.04,74.56,3.9,New York,Female,0,1
A0813,17,2.0,3,39.76,18,7.816977884353732,0,24,2.1,97.77,9.1,Austin,Male,1,1
A0814,21,9.0,12,30.01,54,1.7785547765115746,0,18,2.11,59.49,2.26,San Francisco,Male,0,1
A0815,19,5.0,6,36.86,82,2.354844539468635,1,6,0.37,85.06,1.89,San Francisco,Male,1,1
A0816,14,9.0,12,8.46,8,2.833439626963028,1,6,1.62,0.89,6.17,Chicago,Male,1,0
A0817,27,9.0,12,34.47,39,5.720050265869258,0,4,1.04,3.66,7.79,Austin,Male,0,0
A0818,16,9.0,12,23.61,87,4.858630795623437,1,12,2.03,59.67,5.67,New York,Female,1,1
A0819,15,5.0,6,46.53,6,1.692283989275424,1,49,0.36,38.9,2.3,Chicago,Female,0,0
A0820,22,5.0,6,36.23,94,1.3314803750653512,0,3,2.23,88.98,0.38,San Francisco,Female,0,1
A0821,22,9.0,12,32.4,40,3.8087115498996273,0,1,1.07,30.2,6.18,San Francisco,Male,0,0
A0822,27,18.0,24,34.86,43,2.3263474401855797,1,1,0.95,43.21,1.31,Austin,Female,0,0
A0823,14,9.0,12,20.02,94,4.69989812361925,0,22,1.68,52.79,3.43,New York,Female,0,1
A0824,26,5.0,6,46.23,83,4.36916143956034,0,6,1.31,27.3,6.76,New York,Female,0,1
A0825,13,18.0,24,49.91,16,0.2404974785992281,1,3,2.39,90.85,0.98,Chicago,Female,0,1
A0826,20,18.0,24,33.93,73,2.342384477117701,0,6,2.18,46.45,1.27,San Francisco,Male,1,1
A0827,18,5.0,6,45.9,88,2.0135721457307123,0,15,1.24,42.42,0.62,Chicago,Male,0,0
A0828,23,2.0,3,24.31,53,6.449139972846732,1,11,2.02,84.98,9.96,Chicago,Female,1,1
A0829,23,9.0,12,22.03,67,2.2888131829041427,0,20,1.23,31.2,3.87,Chicago,Female,0,0
A0830,27,18.0,24,30.41,95,6.060215391139492,1,6,1.22,81.75,9.06,New York,Female,1,1
A0831,15,18.0,24,34.35,54,0.7135494889657228,1,9,1.86,12.23,2.94,San Francisco,Female,1,1
A0832,22,18.0,24,26.06,97,4.352348053515802,0,1,2.23,18.28,7.53,Chicago,Female,0,1
A0833,26,9.0,12,35.38,32,0.528859233247932,0,1,1.28,95.08,2.19,San Francisco,Female,0,1
A0834,24,9.0,12,33.06,59,2.718202434895872,0,9,1.32,84.24,4.98,San Francisco,Female,0,1
A0835,21,2.0,3,20.02,81,5.740315112613218,0,5,1.65,38.79,8.25,Chicago,Female,0,1
A0836,19,5.0,6,35.19,84,5.94621473253652,1,14,1.05,63.85,8.16,Chicago,Female,1,1
A0837,21,9.0,12,38.64,32,7.108500492814077,1,0,2.28,94.3,7.94,Austin,Male,0,1
A0838,19,9.0,12,31.71,44,4.769645959261209,0,1,1.05,21.19,8.24,New York,Female,0,0
A0839,11,9.0,12,41.53,13,2.4613223984765837,0,30,1.18,5.9,2.11,San Francisco,Male,0,0
A0840,15,9.0,12,17.83,29,3.160011155774491,0,12,2.38,53.75,4.82,Chicago,Male,1,0
A0841,19,5.0,6,34.68,26,3.3455362903475665,0,18,1.61,14.26,4.85,Chicago,Female,0,0
A0842,22,9.0,12,18.3,41,6.911819492166604,0,27,2.47,18.73,8.91,San Francisco,Female,1,0
A0843,17,2.0,3,18.86,74,0.9562779784377016,0,9,1.39,89.15,2.97,Chicago,Male,1,0
A0844,23,9.0,12,23.69,20,6.899409746184051,1,21,2.76,0.74,9.31,Austin,Male,1,0
A0845,24,9.0,12,20.58,79,3.323452208213056,0,11,1.81,81.68,4.51,San Francisco,Female,1,1
A0846,22,9.0,12,24.52,47,5.182451264008148,0,3,1.12,51.7,6.7,Chicago,Male,0,0
A0847,16,18.0,24,27.86,90,2.172168643907818,1,6,1.12,55.93,2.69,San Francisco,Female,1,0
A0848,16,5.0,6,38.37,89,5.325300139910894,0,10,0.77,67.18,4.1,Chicago,Female,1,1
A0849,25,9.0,12,26.79,14,4.332260015748684,0,5,0.83,43.14,7.1,Chicago,Male,0,0
A0850,15,4.0,6,14.14,51,3.060003044998182,0,6,1.17,11.56,5.13,New York,Female,1,0
A0851,26,9.0,12,41.4,96,5.893859473575236,0,6,1.0,10.28,9.31,San Francisco,Male,0,1
A0852,16,18.0,24,21.63,33,4.603522880839745,0,1,0.21,75.44,7.37,New York,Female,0,0
A0853,23,9.0,12,29.41,94,3.310612872693482,1,1,1.92,22.1,5.64,Chicago,Female,0,1
A0854,11,18.0,24,34.47,24,7.398016531107551,0,0,1.89,2.81,8.87,San Francisco,Male,0,0
A0855,21,5.0,6,32.0,46,6.082504247989855,1,1,1.65,97.96,6.66,San Francisco,Male,0,1
A0856,22,18.0,24,40.94,94,3.958253706250524,0,6,0.93,98.04,6.47,Austin,Female,0,1
A0857,38,2.0,3,34.79,66,0.8896444268957713,0,13,2.32,37.81,2.46,Austin,Female,1,1
A0858,19,18.0,24,21.39,79,3.236415556386404,0,3,1.41,2.55,3.95,Chicago,Male,0,0
A0859,18,5.0,6,51.79,27,4.228776955719028,0,32,1.08,72.73,6.83,Chicago,Female,0,0
A0860,17,5.0,6,31.94,53,6.876931817755511,0,24,1.62,83.1,8.92,Chicago,Male,1,1
A0861,21,9.0,12,28.53,9,2.4149230208512993,0,11,1.59,12.5,3.16,Chicago,Male,0,0
A0862,23,18.0,24,39.64,8,-0.010744114997232,0,19,0.25,13.55,2.15,Austin,Male,0,0
A0863,24,2.0,3,32.49,26,5.7055052013300624,0,6,1.48,82.22,5.94,San Francisco,Female,1,1
A0864,21,5.0,6,33.99,21,2.264877673095522,0,0,1.56,92.19,0.67,New York,Male,0,1
A0865,13,18.0,24,54.92,85,4.392211309515614,0,35,1.31,79.08,7.15,San Francisco,Female,0,1
A0866,17,5.0,6,27.25,11,4.533298440064017,0,2,0.84,20.07,7.03,San Francisco,Male,0,0
A0867,16,5.0,6,26.82,38,2.770865390724905,1,44,0.85,41.15,3.55,Austin,Female,1,0
A0868,22,9.0,12,31.17,42,6.585456789987025,1,12,1.76,60.08,8.93,San Francisco,Female,1,1
A0869,22,5.0,6,40.72,95,4.1725442726728295,0,5,1.88,16.03,5.02,San Francisco,Male,0,1
A0870,25,19.0,24,14.93,26,6.532204538766349,0,10,1.28,21.06,6.46,Chicago,Male,1,0
A0871,11,9.0,12,10.34,50,1.2930527725059506,0,10,1.69,28.29,2.1,New York,Male,1,0
A0872,25,9.0,12,24.13,65,2.120702755461546,1,0,1.27,50.95,4.17,San Francisco,Female,0,1
A0873,25,18.0,24,13.66,71,4.654680771985472,0,6,1.07,51.08,8.62,San Francisco,Female,1,1
A0874,22,9.0,12,25.75,55,0.7600699600580808,1,20,1.61,81.43,2.13,New York,Female,1,1
A0875,20,2.0,3,35.02,56,2.703873027126203,0,10,0.93,75.3,3.91,Chicago,Male,0,1
A0876,26,5.0,6,21.09,44,4.020557863517787,0,4,2.45,91.37,3.18,Austin,Male,0,1
A0877,19,9.0,12,15.73,47,0.5393887009638285,0,6,0.78,83.29,1.51,Austin,Male,1,0
A0878,16,5.0,6,30.69,92,2.2537879516388983,0,29,1.64,25.39,2.9,San Francisco,Male,1,1
A0879,25,18.0,24,38.63,16,1.6145771039272478,1,11,1.58,33.13,2.33,Chicago,Male,1,1
A0880,27,9.0,12,13.05,31,7.656393273448084,0,11,1.53,50.04,9.24,Austin,Female,1,0
A0881,19,5.0,6,38.2,8,7.713932425873621,0,48,2.24,1.43,7.41,Austin,Male,1,0
A0882,23,9.0,12,38.17,9,1.6811312270796792,0,5,0.16,90.39,3.16,Austin,Female,0,1
A0883,18,9.0,12,39.54,39,4.851560557481777,1,9,1.71,4.43,7.63,Austin,Male,0,0
A0884,11,18.0,24,42.18,55,1.198160877069072,0,25,1.36,32.24,0.22,Austin,Male,0,0
A0885,19,18.0,24,52.02,20,4.370891489626311,0,21,1.79,56.92,5.27,San Francisco,Male,0,1
A0886,32,9.0,12,26.44,89,3.5967073257360336,0,4,1.53,51.78,2.5,Austin,Male,0,1
A0887,21,9.0,12,31.1,40,1.3819281853259635,0,2,1.46,65.45,1.14,San Francisco,Male,0,1
A0888,23,9.0,12,25.84,61,5.82870790921294,1,18,0.9,52.75,8.84,New York,Female,1,1
A0889,15,9.0,12,30.02,3,1.9836548306923092,0,4,1.16,22.9,1.99,New York,Male,0,0
A0890,18,5.0,6,45.33,70,6.862703580582908,0,38,3.07,20.11,8.22,Chicago,Female,0,1
A0891,15,5.0,6,16.55,46,3.711482181197364,0,2,1.8,90.72,4.13,San Francisco,Female,0,0
A0892,20,9.0,12,21.39,49,0.6052740311072978,1,5,2.03,26.4,0.14,Chicago,Female,0,0
A0893,23,5.0,6,43.77,37,6.197674689589153,0,0,1.32,28.1,7.33,New York,Female,0,0
A0894,18,2.0,3,40.2,89,5.3412955904456725,0,18,1.07,41.3,5.96,New York,Male,0,0
A0895,18,9.0,12,26.37,93,3.790158991037527,1,33,1.89,13.94,3.44,New York,Male,1,0
A0896,11,2.0,3,38.54,62,2.622709887589642,0,15,0.55,50.73,2.82,New York,Male,1,0
A0897,24,9.0,12,33.41,92,0.3508819196831456,1,41,1.17,66.5,0.74,Austin,Male,1,1
A0898,18,9.0,12,45.0,54,6.7337136864333225,0,2,1.32,78.6,9.41,New York,Male,0,1
A0899,26,18.0,24,30.75,10,4.6645089665083574,0,1,1.97,71.15,4.94,Austin,Female,0,1
A0900,13,9.0,12,40.26,82,-0.2149356709872361,1,27,1.71,14.76,0.86,Austin,Male,0,1
A0901,15,2.0,3,56.42,43,6.4516733088729,1,29,1.26,45.61,8.69,Chicago,Male,0,0
A0902,19,9.0,12,35.98,5,1.5596611876726392,0,26,1.68,3.86,2.79,Austin,Female,0,0
A0903,22,18.0,24,30.49,98,1.4567448229348174,1,24,1.35,1.78,2.04,Chicago,Male,1,1
A0904,17,18.0,24,37.22,71,3.2454518626072986,0,6,2.04,44.01,2.81,Austin,Male,1,1
A0905,20,9.0,12,26.35,86,4.146099068019903,1,3,1.62,25.3,5.65,Austin,Female,0,0
A0906,27,5.0,6,53.88,16,0.5644365481561489,0,39,2.37,68.34,0.74,New York,Male,0,1
A0907,20,18.0,24,31.8,98,2.0141438590200806,0,5,1.36,72.42,4.82,San Francisco,Female,0,1
A0908,25,5.0,6,27.27,28,7.018253566027221,1,7,2.11,89.54,8.96,Austin,Female,1,1
A0909,22,9.0,12,21.64,72,1.9614841811410753,1,18,1.55,76.07,1.88,San Francisco,Male,1,1
A0910,18,9.0,12,40.97,60,4.48025472330546,0,5,1.15,4.82,3.31,San Francisco,Female,0,0
A0911,23,2.0,3,38.67,42,2.4642217650469993,0,25,2.8,37.16,3.96,San Francisco,Male,0,1
A0912,16,5.0,6,25.03,53,4.321150327663939,0,1,2.15,27.3,5.86,Austin,Male,0,0
A0913,20,5.0,6,35.76,7,6.682383683710754,0,23,1.62,38.61,9.19,San Francisco,Male,1,0
A0914,15,9.0,12,14.91,79,4.3424532797634745,0,13,1.88,16.01,3.95,Austin,Female,1,0
A0915,22,18.0,24,31.85,34,0.3877044676130478,0,12,0.96,9.77,0.69,New York,Female,1,0
A0916,10,5.0,6,34.53,82,2.7150215257703394,0,9,0.98,52.1,3.48,Austin,Female,1,1
A0917,28,18.0,24,47.07,3,1.937896509716539,1,4,2.06,72.04,1.9,Chicago,Female,0,1
A0918,20,2.0,3,22.29,79,4.750609123156357,0,9,1.5,70.19,6.52,New York,Female,1,0
A0919,19,9.0,12,17.22,56,-0.2434336145505282,0,8,1.42,45.09,0.29,San Francisco,Female,1,0
A0920,21,2.0,3,21.05,13,2.2380899928983076,0,13,1.36,52.23,2.92,San Francisco,Female,0,0
A0921,23,18.0,24,16.63,55,4.888631749859772,1,4,1.58,51.63,5.45,Chicago,Female,0,1
A0922,28,9.0,12,43.37,10,0.9124847005889396,0,1,1.37,69.16,2.77,New York,Female,0,1
A0923,22,9.0,12,45.49,27,3.989969674146875,0,2,0.48,4.79,5.51,Chicago,Female,0,0
A0924,16,18.0,24,33.2,42,0.1048791850608267,1,18,2.21,70.99,1.15,San Francisco,Female,0,1
A0925,19,9.0,12,42.21,34,7.796046628924842,1,0,1.44,58.22,9.43,Austin,Male,0,0
A0926,14,18.0,24,31.34,90,0.5138130952162252,1,29,2.42,19.81,2.91,San Francisco,Female,1,1
A0927,20,9.0,12,29.05,30,5.902078152728412,1,17,0.62,4.91,9.23,Chicago,Male,1,0
A0928,20,18.0,24,26.67,80,2.6592118750645204,1,21,0.62,10.85,3.26,Austin,Male,0,0
A0929,25,9.0,12,26.9,5,7.03952402923434,1,27,1.36,52.47,7.82,Austin,Male,0,0
A0930,22,5.0,6,14.52,93,1.656249738927012,0,1,1.99,75.84,2.46,San Francisco,Male,0,1
A0931,18,9.0,12,32.64,86,4.134800473306801,0,25,0.89,33.47,6.7,Austin,Female,1,0
A0932,17,5.0,6,29.6,81,4.14915706944059,0,10,0.87,37.91,3.24,New York,Male,1,0
A0933,25,9.0,12,37.45,64,2.1149860995837555,0,32,1.69,93.41,5.09,San Francisco,Male,1,1
A0934,16,9.0,12,30.94,29,2.519194043379918,0,32,1.34,21.3,6.74,San Francisco,Male,0,0
A0935,16,9.0,12,28.37,47,4.563014450053331,0,0,1.77,10.37,5.89,New York,Female,0,0
A0936,23,2.0,3,21.29,94,3.5299457756473887,1,7,1.35,34.34,5.76,San Francisco,Male,1,0
A0937,20,4.0,6,30.72,27,-0.5592328171307133,0,11,1.69,74.59,0.66,Chicago,Male,0,1
A0938,21,9.0,12,37.38,63,2.4513564472993536,0,17,2.18,62.61,2.49,Chicago,Female,1,1
A0939,27,18.0,24,18.57,46,4.247800713771198,1,5,0.89,41.58,5.72,San Francisco,Female,0,0
A0940,16,5.0,6,30.87,99,-0.4380786307367283,0,4,2.09,96.48,0.18,New York,Female,0,1
A0941,22,9.0,12,32.33,48,0.4766956013291052,0,7,0.65,73.5,2.51,Austin,Female,1,1
A0942,20,9.0,12,22.82,16,2.475457328280145,0,10,1.8,6.19,2.29,New York,Female,1,0
A0943,20,9.0,12,24.12,10,2.400201177958661,1,45,2.21,74.46,2.5,Chicago,Female,1,0
A0944,23,5.0,6,32.31,50,3.652824136220617,0,21,1.24,2.4,5.36,San Francisco,Female,1,0
A0945,17,9.0,12,18.67,16,5.920636996047666,1,8,1.82,65.03,5.82,New York,Female,1,0
A0946,22,4.0,6,33.5,67,5.292915233673847,0,0,1.26,21.05,9.09,Austin,Female,0,1
A0947,20,18.0,24,21.05,82,1.1764748290752611,0,2,1.79,69.64,3.86,Austin,Male,0,1
A0948,18,5.0,6,40.63,84,5.7970919301187545,0,9,0.37,30.98,9.27,Austin,Female,0,0
A0949,15,5.0,6,53.38,9,4.518413983644502,1,25,1.58,87.3,6.52,Austin,Male,0,1
A0950,24,2.0,3,21.39,81,6.634339449322692,1,7,1.7,33.69,9.13,New York,Male,1,1
A0951,19,5.0,6,35.34,90,5.589763942143669,1,11,2.17,61.97,8.33,Austin,Female,1,1
A0952,15,9.0,12,22.73,51,5.168055396514297,1,33,1.96,28.59,6.88,Chicago,Female,1,0
A0953,21,4.0,6,40.41,57,1.2404605758095557,0,36,1.42,91.72,3.56,Austin,Female,0,1
A0954,30,2.0,3,17.35,15,3.13076460407326,1,3,1.63,78.1,2.41,Chicago,Female,0,1
A0955,16,9.0,12,34.81,75,1.4718488216074312,0,0,0.78,24.33,2.22,New York,Male,0,0
A0956,18,2.0,3,21.27,58,7.781295831588127,1,5,2.32,94.88,9.52,Chicago,Male,0,1
A0957,23,2.0,3,27.93,58,7.055725346377703,0,17,1.85,35.72,9.59,New York,Female,1,1
A0958,20,18.0,24,19.69,17,5.531753219153783,0,45,0.57,65.19,7.25,Austin,Male,1,0
A0959,15,9.0,12,38.22,59,6.757767280232203,0,1,1.62,74.29,8.84,San Francisco,Female,0,1
A0960,13,18.0,24,21.63,60,6.880708560017314,0,0,1.66,2.29,9.19,Chicago,Male,0,0
A0961,23,18.0,24,35.52,37,4.226722759867544,0,32,1.11,95.9,5.12,Chicago,Male,0,1
A0962,23,9.0,12,26.56,90,5.732152530132431,1,20,1.55,34.44,6.29,San Francisco,Female,1,1
A0963,19,2.0,3,28.86,99,3.12952116970147,0,72,1.06,18.98,4.19,New York,Female,0,0
A0964,21,9.0,12,31.48,18,3.635003757588512,0,7,0.8,85.07,4.18,New York,Male,1,1
A0965,22,18.0,24,22.38,10,0.1762643057127732,1,8,1.19,70.29,0.38,Austin,Female,0,0
A0966,21,9.0,12,32.1,95,4.478117215449473,0,2,1.59,8.67,4.34,Chicago,Male,0,1
A0967,20,9.0,12,45.3,89,4.03460769794073,1,1,1.96,11.7,6.73,New York,Female,0,1
A0968,20,5.0,6,22.22,47,4.754940432910815,0,12,1.53,71.52,4.22,Austin,Female,1,0
A0969,28,18.0,24,41.72,97,6.063842049355657,1,6,1.97,7.48,8.72,New York,Female,0,1
A0970,19,9.0,12,44.98,42,0.9002248978819518,0,1,1.82,91.72,3.33,San Francisco,Female,0,1
A0971,14,18.0,24,21.84,56,1.059104414910789,0,32,0.98,74.15,1.33,San Francisco,Female,1,0
A0972,15,4.0,6,15.45,16,5.002948342525118,0,3,1.82,33.55,8.12,San Francisco,Female,0,0
A0973,16,5.0,6,33.02,61,5.558643548988725,0,20,1.83,36.29,6.74,Austin,Female,0,1
A0974,31,5.0,6,24.53,96,1.0413760206976088,1,4,2.37,50.65,2.42,Chicago,Male,0,1
A0975,21,9.0,12,48.69,55,3.30581656678522,0,25,1.71,36.1,5.36,San Francisco,Female,0,1
A0976,20,4.0,6,30.35,29,0.9244592690544686,0,1,0.88,78.35,4.02,San Francisco,Male,0,0
A0977,19,2.0,3,21.98,49,6.120693680750923,0,21,1.22,97.47,9.39,New York,Female,1,0
A0978,23,18.0,24,18.53,82,1.825120673371043,1,1,0.57,58.45,6.07,San Francisco,Male,0,1
A0979,18,2.0,3,40.9,8,-0.4779028234857234,0,8,1.76,44.6,1.58,Chicago,Female,0,0
A0980,20,18.0,24,24.29,57,4.274414656144296,1,19,2.33,22.28,5.02,Austin,Female,1,0
A0981,16,5.0,6,30.44,99,6.8268001586508325,0,2,0.3,65.34,8.63,San Francisco,Male,0,1
A0982,25,18.0,24,39.56,46,5.122457561784965,0,5,2.35,68.56,6.71,Austin,Female,0,1
A0983,19,9.0,12,25.16,20,4.927023856870786,0,30,1.75,68.52,8.42,Austin,Female,1,0
A0984,23,18.0,24,29.54,18,1.70228864385802,1,32,0.96,2.7,2.5,Chicago,Female,1,0
A0985,21,18.0,24,29.83,14,6.212397460909432,1,0,1.63,89.91,8.88,New York,Female,0,1
A0986,15,2.0,3,36.83,22,4.133635310807458,0,2,0.98,33.81,7.56,New York,Female,0,0
A0987,22,2.0,3,35.91,47,6.60639830176715,0,1,1.72,74.42,7.29,Austin,Male,0,1
A0988,24,5.0,6,27.8,66,3.306362290575671,1,2,1.53,75.98,3.47,San Francisco,Female,0,1
A0989,18,9.0,12,30.64,61,5.995035826170336,0,52,1.66,65.06,8.88,Austin,Male,1,1
A0990,23,18.0,24,26.28,95,4.49288583899453,0,12,1.04,39.49,6.38,New York,Male,1,0
A0991,24,9.0,12,15.22,96,6.172382807947552,0,9,1.11,60.84,8.52,San Francisco,Male,1,1
A0992,22,9.0,12,32.58,92,0.485265131575709,0,62,1.75,4.02,3.61,New York,Male,1,1
A0993,25,5.0,6,48.92,24,0.7748226174794031,0,12,1.25,76.19,1.46,Chicago,Male,0,1
A0994,13,18.0,24,21.16,99,1.6420157520022012,0,16,1.57,9.96,3.32,New York,Male,1,0
A0995,10,18.0,24,22.27,49,2.183379990105084,0,6,1.73,39.68,4.55,San Francisco,Male,1,0
A0996,21,5.0,6,21.29,31,3.449899707114045,1,7,1.39,10.36,5.33,San Francisco,Male,1,0
A0997,18,9.0,12,37.25,88,5.374686526849523,0,13,2.08,83.71,5.11,Austin,Female,1,1
A0998,20,2.0,3,34.48,47,4.46284286126701,1,1,1.41,55.03,5.46,San Francisco,Male,0,0
A0999,12,9.0,12,28.41,79,5.322821010217202,0,4,1.39,69.1,8.42,Chicago,Female,0,0
A1000,23,9.0,12,20.82,11,1.7625827813561583,1,3,1.18,68.26,1.7,New York,Male,0,0
