Date,EnergySource,EnergyGenerated(kWh),Forecast(kWh),Location,WeatherConditions,CustomerID,CustomerType,EnergyUsed(kWh),CustomerSatisfactionRating,MaintenanceDate,AssetType,Duration(Hours),IssueType,ResolvedStatus,CO2Saved(kg),RenewableEnergyGenerated(kWh),EnergyStorage(kWh)
2023-01-01,Hydro,798.0735223012587,477.36991773096264,East,Rain,1,Residential,465.78993277541707,3,2023-01-01,Solar Panel,0.7082671139396659,Electrical,Resolved,212.43825362301206,922.8084916379485,68.61305071876927
2023-01-02,Solar,508.2831756854036,1294.9535461938135,South,Rain,2,Commercial,1821.7716737716064,3,2023-01-02,Solar Panel,10.529424952857742,Mechanical,Resolved,91.21193299698537,776.6256864148723,1307.3052092285643
2023-01-03,Hydro,1723.1921426822512,823.7180290765976,North,Rain,3,Residential,1475.5618050648188,3,2023-01-03,Solar Panel,11.219360248561543,Electrical,Pending,462.79110895800926,895.3127644894735,1460.2334537660954
2023-01-04,Hydro,1560.2860157714256,1514.5351041755923,,Windy,4,Residential,1949.803648833938,999,2023-01-04,Battery,6.999031611275903,Mechanical,Pending,111.56838391353263,803.3833077894872,1453.3167829285371
2023-01-05,Solar,1593.510752061481,737.7046078582359,West,Cloudy,5,Residential,2308.964654966814,3,2023-01-05,Battery,8.511484474584261,Software,Resolved,477.6068092193611,2404.878078630234,1124.477747614387
2023-01-06,Solar,1656.9055200289185,1590.0472678690687,South,Clear,6,Commercial,1587.3289711160382,4,2023-01-06,Wind Turbine,11.1087428835389,Software,Resolved,250.70259783108008,1245.3381997501713,195.12936019594795
2023-01-07,Hydro,611.0669776011356,1088.1133213958867,North,Rain,7,Residential,1897.4658569580658,5,2023-01-07,Wind Turbine,8.633244294604085,Other,Resolved,133.30981797737883,456.1752267211702,1137.394793893534
2023-01-08,Wind,1037.698592816409,1995.6044814156119,West,Rain,8,Residential,1965.5786444934029,2,2023-01-08,Solar Panel,2.2541989935140054,Mechanical,Resolved,293.8554263202612,2916.5771013801905,36.88037468820227
2023-01-09,Hydro,673.8035892876945,676.9095578408889,,Rain,9,Residential,1131.2712084067302,2,2023-01-09,Hydroelectric,7.127316141918351,Software,Pending,442.8256261443837,2686.2218894012494,33.18532729349588
2023-01-10,Hydro,1794.6551388133903,1012.7594792329265,West,Windy,10,Residential,830.3866311251901,999,2023-01-10,Hydroelectric,7.477223033402843,Mechanical,Resolved,379.50119888430254,2804.931164627075,485.41532872431185
2023-01-11,Hydro,1434.9471902413368,637.231310046972,North,Rain,11,Commercial,751.0997227143548,3,2023-01-11,Battery,5.377502719977439,Software,Pending,412.9525165376524,2986.2511211453752,732.9647856069986
2023-01-12,Hydro,996.3470372789737,1975.7444701596287,West,Rain,12,Commercial,853.1733669259565,3,2023-01-12,Battery,8.969108709684313,Electrical,Pending,346.4525150198228,769.5171728926157,1155.6111267116898
2023-01-13,Solar,595.3375254290355,1897.6099330786187,East,Rain,13,Residential,904.4099534569993,1,2023-01-13,Battery,11.24522066984367,Software,Pending,361.52445403303363,1369.8534510371787,1024.9430649097578
2023-01-14,Hydro,966.4734825734934,875.6036857300068,West,Cloudy,14,Commercial,755.9008278177242,5,2023-01-14,Wind Turbine,11.144037898427928,Electrical,Resolved,432.1380432043937,2347.2438844010467,668.8540595651225
2023-01-15,Wind,987.7749830401206,1538.9736759563955,South,Windy,15,Residential,2232.085468454223,4,2023-01-15,Wind Turbine,5.684652771147519,Software,Resolved,162.35060398663367,2179.255668745239,410.43999942249883
2023-01-16,Solar,1594.409267507096,1798.4166303320062,South,Rain,16,Residential,1965.3980907789032,2,2023-01-16,Battery,1.8022375271686855,Other,Resolved,270.2412336394132,715.5189471176086,1495.6867502365667
2023-01-17,Wind,1456.3362070328196,1366.0813391391127,East,Clear,17,Residential,403.17222914068384,1,2023-01-17,Battery,11.825673788066847,Electrical,Resolved,149.544248818821,2502.749437474668,639.2719533539595
2023-01-18,Wind,1830.8191138644897,1323.9234542874108,North,Clear,18,Commercial,891.0794604556762,1,2023-01-18,Battery,10.147327994128242,Software,Pending,494.45060359849117,905.9895439589837,677.0805364945132
2023-01-19,Wind,1208.3223877429239,849.0562799857453,South,Clear,19,Commercial,348.8064324666636,999,2023-01-19,Hydroelectric,1.9336208338375687,Other,Resolved,474.826702858976,904.3075600210823,245.43573178750378
2023-01-20,Wind,679.3913689074526,603.6195668797337,,Windy,20,Commercial,1395.9634106209644,2,2023-01-20,Wind Turbine,11.08968165009978,Electrical,Resolved,67.74206511582766,1749.8309418122167,1192.214323124894
2023-01-21,Solar,1569.8671808344925,1930.406000622989,South,Windy,21,Commercial,1347.6635329358312,999,2023-01-21,Hydroelectric,10.503808163714476,Other,Pending,367.5088276320598,1900.9378240725985,1040.523338672233
2023-01-22,Solar,1641.177572925346,1935.6897943194951,South,Clear,22,Commercial,2129.0172781375027,4,2023-01-22,Hydroelectric,6.466637656949829,Mechanical,Resolved,466.36174283704963,1866.2327611620901,331.1544191831406
2023-01-23,Wind,1341.9157963542443,1494.617404500892,North,Rain,23,Commercial,977.1099274963087,1,2023-01-23,Battery,7.299667511066686,Mechanical,Pending,131.2589053073001,547.0144609739382,123.57156842376405
2023-01-24,Wind,,1009.3991552303561,West,Windy,24,Commercial,2096.048617468737,1,2023-01-24,Battery,5.088531094506498,Electrical,Pending,305.57535374868326,2669.144329102027,1020.7489531120697
2023-01-25,Solar,1240.6933945465862,1026.1957981108906,South,Clear,25,Commercial,2429.5422839676107,5,2023-01-25,Solar Panel,1.1297588464533603,Software,Pending,-26.709359648987572,1017.1201149895064,981.7668214217028
2023-01-26,Solar,1284.099244072991,1647.826870135895,East,Clear,26,Commercial,494.4980914044225,4,2023-01-26,Solar Panel,4.35476827892786,Electrical,Pending,65.27569036360948,649.6902874635713,409.889290497314
2023-01-27,Solar,1141.3115275378245,1930.2319289217521,West,Rain,27,Residential,2041.9992468331925,1,2023-01-27,Hydroelectric,9.732814658877132,Other,Pending,363.83912026107794,2699.6198156462383,1426.2953433756156
2023-01-28,Hydro,538.1286901161428,1913.6926000374435,,Cloudy,28,Commercial,1597.9029737027993,4,2023-01-28,Wind Turbine,0.5532682645529329,Software,Pending,183.80705331764784,2880.259045220334,226.58683767135034
2023-01-29,Hydro,661.8371404899567,1736.7946506650794,North,Windy,29,Commercial,1356.1011274406453,2,2023-01-29,Battery,4.335240474448158,Mechanical,Pending,465.9782879194387,2627.744566616717,648.5022015639029
2023-01-30,Hydro,547.1437785301014,1509.3522161545748,,Rain,30,Commercial,1225.178713063165,3,2023-01-30,Battery,5.078939976295848,Software,Pending,486.9762103244155,2485.6934017571707,1415.4238802513983
2023-01-31,Wind,1454.6156168956707,588.8309422418306,West,Clear,31,Commercial,2026.270180677481,1,2023-01-31,Hydroelectric,6.680049433786113,Mechanical,Resolved,474.91992010104525,2069.153347725359,629.5909753891834
2023-02-01,Hydro,,716.6873782561128,West,Clear,32,Commercial,1706.594985343333,5,2023-02-01,Solar Panel,11.078339588746745,Software,Resolved,263.3963974958587,1787.314900644676,957.7889214961283
2023-02-02,Wind,1262.856036747054,1932.6144110696807,West,Rain,33,Commercial,2071.098268542596,2,2023-02-02,Wind Turbine,4.482978935208554,Software,Resolved,437.91919294519107,534.8642517608074,596.3915969441914
2023-02-03,Wind,1861.3497108891395,1450.6079484383233,,Windy,34,Commercial,2286.9323290885777,4,2023-02-03,Solar Panel,4.489961821806618,Software,Resolved,430.04722934078166,1402.8236752908865,411.32280352300506
2023-02-04,Hydro,873.9383437233124,465.1751351674389,West,Cloudy,35,Commercial,1657.9801666140424,999,2023-02-04,Solar Panel,8.981264353262107,Other,Pending,193.59521295946504,1306.2589959332477,1475.9664719397424
2023-02-05,Wind,1115.5743845534446,617.428045728953,,Cloudy,36,Commercial,2457.0179952032313,2,2023-02-05,Solar Panel,5.700506320232782,Other,Resolved,423.0119633678048,1001.3352161528808,614.0010094725645
2023-02-06,Hydro,1633.326707814573,1544.777919028292,West,Clear,37,Commercial,1637.7932689921474,1,2023-02-06,Solar Panel,3.0829554638097925,Electrical,Pending,66.65343562197168,2253.2343069591793,1341.1488055187017
2023-02-07,Hydro,843.1972482374337,458.3516133462608,East,Windy,38,Commercial,1700.6175075690217,4,2023-02-07,Battery,5.703054435525974,Electrical,Resolved,318.32144531692387,1638.8644847126811,344.93190883662925
2023-02-08,Solar,615.4698647431895,715.3332848388728,West,Cloudy,39,Residential,1520.5943387928965,3,2023-02-08,Battery,2.1198557343676985,Mechanical,Resolved,153.50397677946637,518.8247829506495,319.65705603762495
2023-02-09,Hydro,934.627179370652,1355.4107524548672,,Windy,40,Residential,500.20460031292663,2,2023-02-09,Solar Panel,2.528450344821568,Other,Resolved,104.25509859977547,894.4946452644906,46.701124326767044
2023-02-10,Solar,741.8319308810067,1591.6270761929438,South,Windy,41,Commercial,1898.073471830502,1,2023-02-10,Wind Turbine,6.231229386504017,Mechanical,Pending,84.62894073314412,2144.798661880909,977.5002380638276
2023-02-11,Hydro,1894.5464785138597,1525.7360781792909,West,Clear,42,Commercial,1504.3818751780454,5,2023-02-11,Hydroelectric,5.317642669302301,Electrical,Resolved,363.3299491451629,505.5533206238105,552.7895155856418
2023-02-12,Hydro,,820.0443606099236,South,Cloudy,43,Residential,1292.0029843154298,999,2023-02-12,Wind Turbine,11.02072786228315,Mechanical,Pending,202.94373369562976,2598.2586679316755,1296.5373747594556
2023-02-13,Solar,1450.1056347656352,1625.0957152234341,East,Rain,44,Commercial,2303.0368124872007,4,2023-02-13,Wind Turbine,4.667529839841281,Electrical,Pending,376.1450471879427,1636.8956229377306,709.8148600373357
2023-02-14,Solar,1807.1908852815766,841.4609943697201,North,Clear,45,Residential,955.510793392291,2,2023-02-14,Wind Turbine,7.1767660281975,Other,Resolved,79.41035335952407,1597.5837587819497,1452.2901418720826
2023-02-15,Hydro,1705.5081153486717,986.9095019627918,East,Cloudy,46,Residential,1451.9250072330246,2,2023-02-15,Solar Panel,7.771039311074599,Software,Resolved,191.88065202377464,1899.5010185806975,278.2882735546817
2023-02-16,Wind,779.8550883290537,1681.7108184447397,West,Cloudy,47,Residential,1834.8121172856195,3,2023-02-16,Battery,0.6505862507658369,Other,Resolved,292.77108156890176,2526.638607997903,1302.9347519334162
2023-02-17,Solar,,1521.8942834279042,South,Cloudy,48,Residential,2052.23790648253,3,2023-02-17,Wind Turbine,8.130679778192171,Mechanical,Pending,405.8254241775336,1239.0848613359212,1164.8952791876127
2023-02-18,Wind,1309.0133628734761,1851.2186273153936,South,Cloudy,49,Residential,1310.5629774815793,5,2023-02-18,Solar Panel,2.5474136190021412,Mechanical,Resolved,193.43862631943145,2130.6436119094715,1156.382766966078
2023-02-19,Wind,1711.1602327460937,1535.0612722955666,,Cloudy,50,Commercial,2152.601113041161,999,2023-02-19,Wind Turbine,11.552308650898734,Other,Pending,331.6511193966541,1827.4763027886358,1267.1748421753316
2023-02-20,Wind,1844.1369498852398,1387.7091955035282,South,Windy,51,Residential,1991.6190308938744,5,2023-02-20,Wind Turbine,2.209621369160799,Other,Pending,448.68998670628423,1020.9763294574376,1141.5359864144984
2023-02-21,Solar,977.0052124577958,604.5633669163526,,Clear,52,Commercial,445.7191512741049,1,2023-02-21,Solar Panel,5.268177422860773,Electrical,Resolved,327.13843468203703,2672.3009631589266,939.3304824471231
2023-02-22,Wind,665.0778867915151,1056.7310750480653,North,Windy,53,Commercial,400.8947860901925,1,2023-02-22,Battery,1.4815211829044044,Mechanical,Resolved,154.8317636391352,2453.050258338706,196.86731652358137
2023-02-23,Solar,841.9027438129125,887.583906674847,West,Rain,54,Residential,1665.772505728601,5,2023-02-23,Battery,11.964053896228394,Mechanical,Pending,60.98035170044211,2077.819953577749,48.78926923687787
2023-02-24,Wind,1140.6616829393845,852.5829115754879,,Cloudy,55,Residential,1064.3094980959113,999,2023-02-24,Hydroelectric,6.27524261880929,Other,Pending,441.54449325541844,2596.5706685544533,1381.2717717235303
2023-02-25,Hydro,1727.0221488837396,2055.4674153415353,North,Clear,56,Commercial,760.0877403727312,5,2023-02-25,Solar Panel,7.346927699180504,Software,Pending,59.57123488267421,2641.6943425914665,924.9754717811071
2023-02-26,Hydro,1791.095874884515,1098.6112457001548,South,Cloudy,57,Residential,1575.2298558378245,999,2023-02-26,Hydroelectric,1.271379489966916,Mechanical,Resolved,443.6157527078897,2212.580037130594,1194.8059364642645
2023-02-27,Solar,510.42819579678604,1921.876816042237,South,Clear,58,Residential,1051.439063004399,999,2023-02-27,Hydroelectric,9.124545409590544,Software,Pending,288.0217103122454,2559.9359865819147,722.2835272688251
2023-02-28,Hydro,1266.1209538663486,1491.3787328954838,North,Windy,59,Commercial,1481.9795167709542,4,2023-02-28,Hydroelectric,2.913914320599236,Other,Resolved,472.5804643308033,2183.1729465070657,175.96228344359173
2023-03-01,Hydro,1126.1165047231684,1761.4386508437199,South,Clear,60,Commercial,1312.2621497638584,999,2023-03-01,Battery,10.827624328568207,Other,Pending,409.4524560981494,2136.380083752811,187.77868830382565
2023-03-02,Wind,833.1617157060954,1279.351203623567,North,Rain,61,Residential,1586.485433088138,3,2023-03-02,Solar Panel,2.8591058655430825,Electrical,Pending,499.07034974000186,1970.2507211809975,1028.347930843457
2023-03-03,Solar,679.7980510005242,1401.8914096334925,,Rain,62,Commercial,1180.661075602619,999,2023-03-03,Hydroelectric,2.692908787632166,Mechanical,Resolved,207.82031695326958,2332.3349268056313,645.458842349194
2023-03-04,Wind,1006.422757105442,1262.6541948011254,,Clear,63,Residential,1834.86866213325,999,2023-03-04,Solar Panel,0.9203211802530911,Software,Pending,395.2347300190071,728.233784291299,300.78709005050507
2023-03-05,Wind,1914.3645558687788,772.1509298667734,North,Clear,64,Residential,696.1479991684567,999,2023-03-05,Solar Panel,5.9287698687649915,Electrical,Resolved,230.86891112415898,2678.351049837107,737.3918201121553
2023-03-06,Wind,984.8043980311328,1642.0459901814838,,Clear,65,Residential,1832.3032256995737,1,2023-03-06,Battery,6.995673032520089,Mechanical,Resolved,265.94402913675896,2653.9775249121262,96.31340561270113
2023-03-07,Wind,1278.185932615049,913.2743980274121,,Clear,66,Commercial,1205.6546715865618,3,2023-03-07,Hydroelectric,1.2556493534260522,Electrical,Pending,332.37745844826657,378.9676641933097,872.9571028715982
2023-03-08,Wind,1554.5284383427668,490.12134461189885,,Rain,67,Commercial,2223.4987306797175,3,2023-03-08,Hydroelectric,9.418567591992622,Other,Resolved,443.15470138385245,2529.7052265248594,403.4901066526465
2023-03-09,Wind,1045.444403568941,1515.0292882468268,East,Cloudy,68,Commercial,1433.519320701264,5,2023-03-09,Solar Panel,5.712821599602318,Mechanical,Resolved,-8.200096810939527,647.9486421783021,1196.3386509557822
2023-03-10,Wind,1957.673124081441,742.2326210216307,West,Clear,69,Commercial,2440.8427683942296,4,2023-03-10,Wind Turbine,6.53048809726717,Electrical,Pending,395.7230362390332,1204.8209064996831,465.5429383853606
2023-03-11,Solar,1943.6709424131668,2001.7566641823087,South,Clear,70,Commercial,1624.2578701901125,999,2023-03-11,Battery,5.568771589789623,Electrical,Resolved,237.99505197530019,2307.472291987341,682.8302236227017
2023-03-12,Hydro,877.6734437380462,2023.9821520542691,East,Rain,71,Residential,792.4679449939053,2,2023-03-12,Battery,5.1087752000662485,Software,Resolved,239.61065102468157,734.0517193304322,17.43080986215095
2023-03-13,Wind,1245.8727588385782,1959.52624386374,,Rain,72,Residential,2107.939401057788,4,2023-03-13,Battery,6.935863810044506,Electrical,Resolved,381.9120357150012,2508.510965121468,108.67033169183831
2023-03-14,Wind,951.3174647251545,1060.7618554214832,North,Windy,73,Residential,1059.1817812092509,4,2023-03-14,Battery,2.285262828203194,Mechanical,Pending,157.44971559573605,2546.7622804859034,588.7403346100273
2023-03-15,Wind,927.2607415662014,475.5034172726313,,Clear,74,Residential,1064.7622718619036,3,2023-03-15,Hydroelectric,2.592173500695618,Mechanical,Resolved,99.7133509091276,1670.1628811542578,719.9082520756853
2023-03-16,Wind,555.3304210317992,1981.725628269747,West,Windy,75,Commercial,369.9702992673633,4,2023-03-16,Hydroelectric,10.410534641655449,Software,Pending,209.57997093834945,317.24185363545064,900.0308221789555
2023-03-17,Wind,1414.3465009698452,1156.5038447235686,,Rain,76,Residential,1507.173680256299,999,2023-03-17,Wind Turbine,11.380327814536777,Mechanical,Pending,179.25754624433677,1075.0029595722644,437.49386806395484
2023-03-18,Wind,1254.0185348432922,2044.9804514220548,North,Rain,77,Commercial,1475.7317082115505,999,2023-03-18,Battery,4.793057137217159,Other,Resolved,183.33865420519555,1965.702679614504,1042.4728291898139
2023-03-19,Hydro,577.218126874984,2039.9729621972672,West,Cloudy,78,Residential,1083.1812653983695,1,2023-03-19,Battery,3.6135637411508683,Mechanical,Resolved,155.1234879724595,2949.202680674043,1290.1835957838068
2023-03-20,Hydro,917.9696963549171,1857.4656015211442,,Clear,79,Commercial,2267.2779783710366,999,2023-03-20,Solar Panel,7.905994747248681,Mechanical,Resolved,68.94193533636285,2005.8965229450046,1169.7764833400247
2023-03-21,Wind,,935.8406719148164,West,Windy,80,Commercial,583.2464762592166,999,2023-03-21,Hydroelectric,5.200442967628109,Electrical,Pending,58.04327063003621,1001.4696688732314,59.428238022535716
2023-03-22,Hydro,859.3428360004586,1085.4112521931768,South,Rain,81,Residential,1026.2189292823418,3,2023-03-22,Battery,0.7919430900939659,Electrical,Resolved,494.4750753812142,2011.8153983689506,720.7604208867434
2023-03-23,Solar,717.3423081368346,1854.3755080028138,South,Rain,82,Residential,1007.4820822960638,999,2023-03-23,Wind Turbine,2.295754869711189,Mechanical,Resolved,242.49791018113805,1757.9605252328097,157.3952676272623
2023-03-24,Wind,1234.1791404163446,972.9213085078582,,Windy,83,Residential,503.03928970324137,1,2023-03-24,Wind Turbine,8.733680631745072,Software,Resolved,222.94699122185676,2405.5825669080878,363.0675237937912
2023-03-25,Solar,1978.475681165901,729.6630320320526,West,Cloudy,84,Residential,1358.519866923845,2,2023-03-25,Hydroelectric,8.07762533196674,Electrical,Resolved,355.84127721188145,588.8477248327877,1479.9938899007198
2023-03-26,Solar,863.0829072672507,1368.7220830562778,North,Rain,85,Commercial,1813.1263776113826,3,2023-03-26,Wind Turbine,0.8116039137900601,Software,Resolved,148.21424953927888,2354.7753367554756,213.74331435226983
2023-03-27,Wind,1508.2033211088178,1994.6553773652886,,Clear,86,Residential,1425.6454298039746,2,2023-03-27,Wind Turbine,3.0526798622289184,Mechanical,Pending,477.4825327776014,1761.4197624254978,748.3322301770341
2023-03-28,Hydro,1642.4294229930763,1598.4491645137055,South,Rain,87,Residential,645.3509019756262,3,2023-03-28,Hydroelectric,3.157360160762821,Mechanical,Pending,403.8552564869984,2900.0784104192853,927.2336014771787
2023-03-29,Solar,856.4563159885995,1390.6009306474523,South,Clear,88,Commercial,1130.0291235325597,5,2023-03-29,Battery,8.226766551385376,Other,Resolved,90.23495104051678,1223.0548483044524,1053.697455816156
2023-03-30,Wind,1592.3245229177894,610.3412147217681,,Windy,89,Residential,305.70905364402245,4,2023-03-30,Battery,0.7266711841751878,Electrical,Resolved,237.91134910321776,2008.07911146166,839.4730252303711
2023-03-31,Solar,1051.67469907888,1464.76192405363,West,Clear,90,Residential,2210.262435478291,5,2023-03-31,Wind Turbine,1.6972486928225992,Mechanical,Resolved,445.6032384029741,2816.475884877047,14.656271128775488
2023-04-01,Solar,1448.4587458903693,2083.5888526720346,South,Windy,91,Residential,485.93741689750027,999,2023-04-01,Wind Turbine,9.699034981791678,Other,Resolved,475.1294100311346,576.776265574834,489.6919623659878
2023-04-02,Solar,1450.294566141342,681.1386251402646,West,Clear,92,Residential,1614.0117809619471,2,2023-04-02,Battery,2.5532636136248366,Electrical,Pending,260.3306800624414,2830.5169155384183,776.5674650770671
2023-04-03,Solar,1303.6620261121377,1305.2439264001657,South,Windy,93,Residential,2469.765390906993,999,2023-04-03,Hydroelectric,8.00658024029656,Mechanical,Resolved,326.0351251448185,2157.291450212196,131.79974871725003
2023-04-04,Hydro,635.4346550816125,1897.6655686811264,South,Clear,94,Commercial,1480.4994211721316,4,2023-04-04,Wind Turbine,3.239101982037355,Mechanical,Pending,125.16527574143385,483.16005958396414,525.9403968137711
2023-04-05,Solar,1752.953743383857,1672.2682192944374,East,Cloudy,95,Residential,2332.891870036353,3,2023-04-05,Solar Panel,1.6435760167324693,Electrical,Pending,496.0258817616394,1112.601630756404,49.80466318704985
2023-04-06,Solar,981.1700974576038,1600.0759726421923,South,Clear,96,Residential,819.4563728582896,4,2023-04-06,Hydroelectric,3.296480196493722,Electrical,Resolved,154.25226562254952,2212.0646393422603,117.86774573253112
2023-04-07,Solar,779.7777655997813,1609.0987385787303,North,Clear,97,Residential,1971.9018996626883,1,2023-04-07,Wind Turbine,8.80606971634008,Electrical,Pending,474.2292983608065,481.8466239656836,595.3849143023941
2023-04-08,Hydro,561.1627123321459,1043.160399512596,,Cloudy,98,Residential,1468.7846587417748,4,2023-04-08,Wind Turbine,10.340509383222287,Mechanical,Pending,342.3409920465658,1871.8602424759379,199.07363106459053
2023-04-09,Solar,1386.3394147823626,934.426543036414,,Rain,99,Residential,1885.1353350612226,1,2023-04-09,Solar Panel,10.047528442520404,Mechanical,Pending,323.48155769548663,1233.8842537729831,851.3112723923372
2023-04-10,Solar,1516.3465427634237,1785.4459065395474,West,Rain,100,Commercial,437.15099752473117,4,2023-04-10,Solar Panel,5.06761059061223,Other,Pending,280.70982995742884,1976.4718979721881,1034.1974537058986
