report_id,timestamp,neighborhood,issue_type,time_to_resolution,required_escalation,num_previous_reports,severity_score,is_weekend,weather_rain,response_team_rating,reporter_experience,issue_complexity,hour_of_day
RPT-1000,2024-01-28 04:28:01.041,DOWNTOWN,noise,9.0,1,2,5.8,1,1,3.7,5.02,634.0,
RPT-1001,2024-04-13 13:08:06.108,Riverside,,3.4,0,9,1.0,1,0,5.0,4.63,,13.0
RPT-1002,2024-01-24 08:15:28.744,Downtown,pothole,46.7,0,2,4.9,0,0,4.3,0.15,364.0,
RPT-1003,2024-02-27 10:31:59.638,Downtown,pothole,72.3,1,1,7.1,0,0,,1.8,860.0,10.0
RPT-1004,2024-07-29 07:36:45.533,old town,noise,5.0,0,0,2.4,0,0,4.0,3.78,,7.0
RPT-1005,2024-01-23 22:11:05.582,Downtown,,51.3,0,11,7.1,0,0,4.3,2.77,552.0,22.0
RPT-1006,2023-04-12 23:28:06.395,Riverside,vandalism,31.6,1,2,8.9,0,1,2.6,3.27,941.0,23.0
RPT-1007,2023-11-20 15:42:42.961,Uptown,pothole,50.7,0,2,4.7,0,0,4.0,3.66,424.0,15.0
RPT-1008,2023-04-15 12:58:05.355,Old Town,noise,3.6,0,1,3.7,1,0,4.9,5.71,292.0,12.0
RPT-1009,2023-07-14 19:09:19.158,DOWNTOWN,,51.0,0,0,8.5,0,1,,5.99,696.0,
RPT-1010,2024-05-18 10:20:04.132,Riverside,noise,15.1,0,1,2.6,1,1,3.1,5.08,253.0,10.0
RPT-1011,2023-01-22 15:43:16.742,Old Town,lighting,18.1,1,1,5.8,1,0,4.1,2.58,642.0,15.0
RPT-1012,2024-01-21 09:07:47.281,Tech District,lighting,13.5,0,2,6.7,1,1,4.3,4.94,500.0,9.0
RPT-1013,2023-05-04 10:30:23.602,DOWNTOWN,,11.0,0,1,5.4,0,0,4.4,3.01,420.0,10.0
RPT-1014,2023-08-11 23:17:57.639,Uptown,vandalism,31.8,1,5,9.4,0,0,3.9,2.67,962.0,23.0
RPT-1015,2024-07-26 10:29:44.944,Uptown,pothole,41.9,0,4,3.1,0,0,4.2,3.12,371.0,
RPT-1016,2023-04-29 07:22:33.016,Tech District,lighting,11.4,0,1,5.5,1,1,5.0,4.5,479.0,7.0
RPT-1017,2024-06-08 01:31:03.389,Riverside,pothole,45.3,0,3,4.5,1,0,3.7,3.2,334.0,1.0
RPT-1018,2023-05-21 10:29:07.596,old town,vandalism,19.3,0,1,8.1,1,0,3.5,6.1,608.0,10.0
RPT-1019,2024-10-03 06:47:18.595,Old Town,vandalism,35.0,1,4,10.0,0,0,5.0,2.35,989.0,6.0
RPT-1020,2023-04-24 05:57:21.289,Riverside,vandalism,19.7,0,5,9.8,0,0,4.4,4.69,792.0,5.0
RPT-1021,2024-09-16 01:12:48.004,Downtown,vandalism,20.3,0,2,6.5,0,1,4.8,5.32,478.0,1.0
RPT-1022,2023-11-15 15:30:06.438,Riverside,vandalism,38.9,1,2,10.0,0,0,2.4,1.46,1000.0,15.0
RPT-1023,2023-06-26 20:24:48.414,Riverside,pothole,71.3,1,4,8.9,0,0,2.8,0.86,936.0,20.0
RPT-1024,2024-05-27 01:28:54.303,Riverside,lighting,11.3,0,0,6.1,0,0,4.1,4.48,465.0,1.0
RPT-1025,2024-01-10 17:55:03.186,Old Town,lighting,14.3,0,2,5.3,0,0,3.2,3.35,443.0,17.0
RPT-1026,2024-09-05 16:17:33.200,Downtown,noise,4.8,1,2,6.2,0,1,4.3,3.1,739.0,16.0
RPT-1027,2024-04-28 04:45:03.528,Uptown,noise,8.2,0,2,4.8,1,0,4.6,4.03,576.0,4.0
RPT-1028,2024-07-25 12:31:08.012,Old Town,noise,6.7,0,4,5.7,0,0,4.3,1.29,454.0,12.0
RPT-1029,2024-01-11 19:08:21.933,Riverside,pothole,70.4,1,2,8.3,0,1,4.4,3.13,810.0,19.0
RPT-1030,2023-06-18 01:03:16.624,Tech District,lighting,9.9,0,16,6.0,1,0,4.2,1.7,587.0,1.0
RPT-1031,2024-06-12 01:40:11.611,Downtown,noise,6.9,0,3,3.0,0,1,4.9,1.41,234.0,1.0
RPT-1032,2024-04-14 05:39:39.138,Tech District,noise,6.5,0,1,5.3,1,0,3.8,1.69,512.0,5.0
RPT-1033,2023-03-22 05:50:03.522,Tech District,vandalism,25.2,0,16,10.0,0,0,5.0,0.0,775.0,5.0
RPT-1034,2023-02-24 06:05:09.748,Downtown,vandalism,27.8,0,0,6.9,0,0,4.0,6.74,551.0,6.0
RPT-1035,2023-12-27 21:46:52.857,Tech District,vandalism,33.2,1,1,7.0,0,1,2.5,6.09,826.0,21.0
RPT-1036,2023-02-15 06:17:07.970,Tech District,noise,4.6,0,4,3.3,0,0,4.4,1.8,267.0,6.0
RPT-1037,2023-06-23 15:57:11.506,Tech District,noise,3.8,0,3,7.2,0,0,2.6,2.7,605.0,15.0
RPT-1038,2023-11-21 12:21:32.163,Old Town,noise,5.8,0,0,3.1,0,0,4.9,2.07,216.0,12.0
RPT-1039,2024-01-29 02:37:26.767,Downtown,vandalism,34.9,1,11,10.0,0,0,2.9,0.0,938.0,2.0
RPT-1040,2023-10-16 22:31:36.397,Uptown,lighting,10.0,0,5,6.7,0,0,4.2,4.86,509.0,22.0
RPT-1041,2024-04-24 22:11:07.187,Riverside,noise,7.8,0,2,4.5,0,0,4.1,3.19,389.0,22.0
RPT-1042,2023-08-26 00:57:58.585,Uptown,pothole,45.5,0,1,10.0,1,1,5.0,4.58,831.0,0.0
RPT-1043,2023-02-17 13:06:27.744,Old Town,vandalism,25.9,0,0,7.0,0,0,4.2,0.0,648.0,13.0
RPT-1044,2024-05-28 01:30:16.143,Downtown,noise,6.6,1,0,7.2,0,0,3.8,1.87,734.0,1.0
RPT-1045,2023-07-07 06:12:32.716,Downtown,vandalism,36.7,1,0,9.4,0,0,3.7,4.12,995.0,6.0
RPT-1046,2024-08-03 13:32:35.066,Old Town,pothole,51.5,0,4,5.3,1,0,4.4,5.95,466.0,13.0
RPT-1047,2024-11-05 22:41:45.604,Downtown,vandalism,35.5,1,0,9.5,0,0,3.5,1.64,957.0,22.0
RPT-1048,2023-10-11 13:10:16.571,Uptown,noise,8.8,0,3,5.2,0,0,3.9,3.92,419.0,13.0
RPT-1049,2024-11-02 15:15:33.734,Old Town,lighting,15.0,0,12,5.7,1,0,4.2,7.55,476.0,15.0
RPT-1050,2024-05-04 06:50:46.568,Downtown,noise,3.7,0,3,6.8,1,1,4.1,4.95,471.0,
RPT-1051,2023-10-12 04:21:08.942,Tech District,pothole,74.4,1,1,9.5,0,0,2.1,0.0,978.0,4.0
RPT-1052,2023-03-14 15:15:57.630,Uptown,lighting,13.7,0,2,6.5,0,0,3.1,6.66,578.0,15.0
RPT-1053,2023-10-23 02:26:59.807,Downtown,lighting,10.6,0,2,5.5,0,1,4.1,3.55,453.0,2.0
RPT-1054,2023-04-26 07:41:02.347,Uptown,pothole,40.6,0,1,4.6,0,0,4.4,3.6,443.0,
RPT-1055,2023-11-21 07:41:56.776,Uptown,vandalism,24.9,0,3,5.9,0,1,4.6,5.12,549.0,7.0
RPT-1056,2023-12-01 20:03:31.086,Old Town,pothole,45.5,0,4,6.5,0,1,5.0,6.51,507.0,20.0
RPT-1057,2024-09-19 00:41:13.673,Downtown,lighting,20.9,1,0,9.2,0,0,4.2,2.13,918.0,0.0
RPT-1058,2023-11-03 13:28:25.378,Tech District,lighting,6.8,0,3,7.2,0,0,3.8,5.67,625.0,13.0
RPT-1059,2023-10-17 18:30:42.162,Tech District,lighting,13.0,0,2,2.4,0,0,4.2,3.77,190.0,18.0
RPT-1060,2024-06-11 09:58:09.255,Riverside,lighting,11.8,1,2,6.9,0,0,2.6,3.98,789.0,9.0
RPT-1061,2023-04-02 05:26:09.476,Old Town,noise,4.1,0,2,3.2,1,0,3.6,2.79,204.0,5.0
RPT-1062,2024-10-28 01:06:48.968,Riverside,vandalism,34.3,1,2,8.2,0,1,3.9,5.41,898.0,1.0
RPT-1063,2024-09-17 15:21:05.439,Tech District,noise,3.1,0,2,3.6,0,0,2.4,0.0,356.0,15.0
RPT-1064,2023-05-18 00:52:56.263,Uptown,,22.9,1,0,6.6,0,0,4.2,1.02,729.0,0.0
RPT-1065,2023-09-28 17:16:25.457,Downtown,pothole,50.9,0,1,8.3,0,0,2.2,1.38,618.0,17.0
RPT-1066,2024-01-24 00:28:05.998,Riverside,noise,4.4,0,1,3.9,0,0,3.6,2.3,322.0,0.0
RPT-1067,2023-11-12 07:12:27.774,Riverside,pothole,50.7,0,3,9.6,1,0,5.0,2.12,847.0,7.0
RPT-1068,2023-03-23 15:33:57.114,Riverside,pothole,46.8,0,2,5.0,0,0,3.1,4.13,367.0,15.0
RPT-1069,2024-10-15 08:20:48.327,Uptown,pothole,46.5,0,1,6.1,0,0,3.5,3.54,485.0,8.0
RPT-1070,2023-08-01 05:53:57.562,Uptown,pothole,71.3,1,16,6.6,0,0,3.9,3.42,830.0,
RPT-1071,2024-03-24 00:23:20.136,Downtown,lighting,16.9,0,2,3.9,1,0,2.8,0.0,314.0,0.0
RPT-1072,2023-07-28 18:28:18.371,Tech District,lighting,18.8,1,8,5.6,0,0,5.0,0.0,640.0,18.0
RPT-1073,2024-10-24 22:14:08.432,Uptown,noise,3.8,0,0,5.5,0,0,3.7,4.67,383.0,22.0
RPT-1074,2024-11-02 11:53:09.665,Downtown,lighting,13.6,0,2,7.2,1,0,4.3,3.18,600.0,11.0
RPT-1075,2024-03-20 13:05:25.544,Old Town,vandalism,28.7,0,1,7.1,0,0,4.7,2.36,552.0,13.0
RPT-1076,2024-12-13 11:27:15.761,Tech District,vandalism,37.6,1,3,10.0,0,0,3.3,5.6,966.0,11.0
RPT-1077,2024-05-29 18:01:51.720,Old Town,pothole,41.3,0,2,7.5,0,1,4.0,4.66,489.0,18.0
RPT-1078,2023-11-18 23:35:28.502,Tech District,noise,5.7,0,0,5.2,1,0,4.3,4.14,372.0,
RPT-1079,2024-08-18 11:14:41.294,Downtown,noise,6.3,1,5,4.4,1,1,2.8,6.02,572.0,11.0
RPT-1080,2023-03-08 16:15:31.686,Tech District,lighting,11.0,0,12,6.2,0,0,5.0,2.11,474.0,16.0
RPT-1081,2024-12-09 22:36:42.635,Riverside,vandalism,34.3,1,4,8.8,0,1,2.5,0.0,978.0,22.0
RPT-1082,2023-12-29 13:06:34.877,Old Town,noise,7.0,0,1,3.9,0,0,5.0,3.26,317.0,13.0
RPT-1083,2023-02-15 09:51:41.454,Riverside,vandalism,38.2,1,3,10.0,0,1,4.6,6.19,974.0,9.0
RPT-1084,2024-05-25 21:15:17.039,Old Town,pothole,45.0,0,2,5.8,1,0,5.0,4.05,434.0,21.0
RPT-1085,2023-11-19 20:34:42.737,Riverside,noise,4.6,0,2,2.5,1,1,2.9,4.65,203.0,20.0
RPT-1086,2023-08-01 07:26:27.551,Tech District,noise,1.1,0,2,2.1,0,0,3.3,2.7,167.0,7.0
RPT-1087,2023-02-02 23:35:15.679,Tech District,lighting,8.0,0,3,3.5,0,0,4.6,1.4,271.0,23.0
RPT-1088,2024-03-28 04:37:17.838,Tech District,noise,7.5,1,1,6.2,0,1,2.9,4.35,690.0,4.0
RPT-1089,2023-10-05 18:39:37.916,Old Town,noise,8.0,1,6,9.9,0,0,2.6,5.78,859.0,18.0
RPT-1090,2023-08-15 23:39:28.278,Uptown,vandalism,17.8,0,1,6.1,0,0,4.4,2.49,480.0,23.0
RPT-1091,2024-03-02 13:43:46.545,Riverside,vandalism,37.6,1,2,10.0,1,1,4.5,4.44,943.0,13.0
RPT-1092,2024-02-27 18:02:46.065,Riverside,vandalism,22.4,0,2,8.7,0,1,4.9,1.12,707.0,18.0
RPT-1093,2024-01-23 16:05:45.085,Downtown,vandalism,36.8,1,2,10.0,0,0,3.3,3.65,937.0,16.0
RPT-1094,2024-12-22 10:55:10.394,Downtown,pothole,50.8,0,2,5.7,1,0,5.0,0.0,493.0,10.0
RPT-1095,2023-09-19 21:45:30.625,Riverside,vandalism,19.8,0,2,8.3,0,0,4.1,1.91,683.0,21.0
RPT-1096,2024-05-10 05:44:59.776,Tech District,pothole,47.9,0,3,7.7,0,0,4.4,0.0,548.0,5.0
RPT-1097,2024-06-03 04:22:56.978,Downtown,lighting,14.2,0,1,5.0,0,0,4.5,1.92,361.0,4.0
RPT-1098,2023-07-14 09:07:29.430,Riverside,vandalism,36.6,1,2,8.5,0,0,3.1,4.05,961.0,9.0
RPT-1099,2023-08-13 12:42:06.053,Riverside,noise,9.7,0,1,3.8,1,0,4.8,3.77,185.0,12.0
RPT-1100,2023-09-10 23:58:40.248,Tech District,pothole,47.0,0,2,7.3,1,1,3.5,0.3,535.0,23.0
RPT-1101,2023-08-08 06:01:50.491,Uptown,lighting,15.2,0,4,5.9,0,0,3.0,2.99,439.0,6.0
RPT-1102,2024-10-10 12:11:30.731,Old Town,pothole,42.9,0,1,7.5,0,0,4.3,2.33,698.0,12.0
RPT-1103,2024-10-22 03:32:09.249,Uptown,pothole,47.9,0,9,6.7,0,0,4.6,0.82,582.0,3.0
RPT-1104,2024-05-25 20:11:19.594,Uptown,lighting,6.7,0,0,6.7,1,0,4.1,4.24,544.0,20.0
RPT-1105,2023-06-15 15:18:00.034,Riverside,lighting,8.0,0,6,2.7,0,1,4.2,4.64,222.0,
RPT-1106,2023-08-23 21:40:41.015,Uptown,lighting,13.3,0,5,4.7,0,1,3.1,4.0,323.0,21.0
RPT-1107,2024-10-13 08:25:47.525,Tech District,noise,8.8,0,1,4.6,1,0,2.7,1.7,420.0,
RPT-1108,2024-08-21 09:21:40.817,Uptown,noise,7.6,0,15,4.4,0,1,4.3,5.13,326.0,9.0
RPT-1109,2024-04-04 00:37:04.693,Downtown,vandalism,40.2,1,5,10.0,0,0,3.1,2.16,985.0,0.0
RPT-1110,2024-06-02 18:23:54.142,Tech District,noise,3.5,1,1,4.6,1,0,3.5,3.47,645.0,18.0
RPT-1111,2023-01-22 02:38:26.977,Uptown,vandalism,33.0,1,3,10.0,1,1,3.3,2.9,1000.0,2.0
RPT-1112,2023-05-17 13:01:55.978,Tech District,noise,1.6,0,4,4.6,0,0,2.9,3.15,342.0,13.0
RPT-1113,2024-09-06 17:57:38.195,Old Town,noise,3.2,0,2,6.1,0,0,3.7,1.34,511.0,17.0
RPT-1114,2024-10-27 16:58:53.539,Riverside,noise,3.3,0,1,4.9,1,1,5.0,6.59,361.0,16.0
RPT-1115,2023-02-24 11:55:44.500,Riverside,vandalism,34.8,1,12,7.4,0,0,2.5,4.77,744.0,11.0
RPT-1116,2024-10-05 01:50:40.741,Uptown,pothole,69.5,1,2,9.0,1,1,3.5,5.38,1000.0,
RPT-1117,2023-06-28 05:55:43.926,Downtown,lighting,10.4,0,3,5.9,0,1,3.9,4.18,527.0,
RPT-1118,2024-09-23 19:43:06.090,Old Town,pothole,50.5,0,4,6.8,0,0,3.9,1.33,509.0,19.0
RPT-1119,2024-12-18 02:00:07.459,Uptown,lighting,13.5,0,3,6.2,0,1,3.0,3.05,500.0,2.0
RPT-1120,2024-08-11 16:30:00.191,Uptown,noise,7.3,0,2,2.0,1,0,4.4,6.15,155.0,16.0
RPT-1121,2024-05-06 19:29:11.313,Old Town,lighting,12.8,0,2,5.3,0,0,4.5,2.63,403.0,19.0
RPT-1122,2024-06-04 05:53:45.379,Riverside,lighting,10.9,0,13,5.3,0,0,3.8,3.75,502.0,5.0
RPT-1123,2024-07-02 20:49:30.156,Riverside,noise,7.3,1,2,4.2,0,0,3.4,4.3,585.0,20.0
RPT-1124,2024-11-22 13:26:56.039,Downtown,vandalism,27.4,0,2,10.0,0,0,4.7,2.8,892.0,13.0
RPT-1125,2023-01-02 05:46:42.817,Uptown,lighting,8.8,0,1,4.9,0,0,4.4,2.52,409.0,5.0
RPT-1126,2023-10-20 13:03:56.115,Tech District,vandalism,32.2,1,3,10.0,0,0,3.8,3.91,1000.0,13.0
RPT-1127,2023-07-02 07:35:18.480,Uptown,lighting,13.3,0,2,6.9,1,0,4.6,0.94,549.0,7.0
RPT-1128,2024-03-05 06:11:11.234,Riverside,noise,8.6,1,1,4.9,0,0,2.9,2.97,512.0,6.0
RPT-1129,2023-10-13 13:09:40.064,Tech District,vandalism,25.7,0,2,7.3,0,0,2.3,0.0,622.0,13.0
RPT-1130,2024-07-26 16:29:32.046,Tech District,noise,7.4,0,1,4.6,0,0,3.4,2.9,367.0,16.0
RPT-1131,2024-05-14 10:25:36.129,Downtown,noise,1.5,0,3,4.3,0,0,2.6,2.51,309.0,10.0
RPT-1132,2023-10-17 07:54:41.341,Downtown,noise,2.0,0,3,3.6,0,0,5.0,4.85,290.0,7.0
RPT-1133,2024-02-06 06:00:14.827,Downtown,pothole,46.1,0,4,7.2,0,1,5.0,2.6,641.0,6.0
RPT-1134,2023-01-07 02:15:22.906,Uptown,lighting,13.2,0,1,8.3,1,0,3.4,1.94,694.0,2.0
RPT-1135,2023-04-29 07:11:59.143,Tech District,vandalism,39.4,1,3,8.3,1,1,4.0,2.0,874.0,7.0
RPT-1136,2023-11-06 14:25:28.956,Riverside,lighting,15.3,0,3,4.8,0,0,3.0,7.0,378.0,14.0
RPT-1137,2024-07-11 07:17:12.170,Tech District,,17.3,0,3,6.2,0,1,4.3,4.07,433.0,7.0
RPT-1138,2024-02-24 17:48:40.852,Old Town,vandalism,40.1,1,0,10.0,1,1,3.9,3.52,972.0,17.0
RPT-1139,2024-09-12 00:43:17.408,Riverside,lighting,10.0,0,3,5.8,0,0,3.9,4.54,321.0,0.0
RPT-1140,2024-10-08 00:46:08.458,Uptown,vandalism,39.4,1,1,7.4,0,0,2.5,5.32,768.0,0.0
RPT-1141,2024-05-10 01:23:49.292,Downtown,lighting,13.0,0,2,1.9,0,0,4.4,2.48,213.0,1.0
RPT-1142,2023-04-29 18:18:45.622,Uptown,lighting,19.9,1,1,4.9,1,0,4.2,5.45,652.0,18.0
RPT-1143,2024-08-10 12:50:53.606,Downtown,vandalism,35.7,1,3,9.5,1,1,3.1,3.1,925.0,12.0
RPT-1144,2024-05-13 03:39:28.382,Uptown,lighting,11.6,0,12,3.4,0,0,4.3,3.91,265.0,3.0
RPT-1145,2024-08-09 15:12:15.237,Tech District,pothole,51.3,0,3,4.6,0,0,4.7,3.55,335.0,15.0
RPT-1146,2023-06-02 23:22:02.623,Tech District,vandalism,39.2,1,1,9.8,0,0,3.5,7.01,1000.0,23.0
RPT-1147,2024-02-10 21:53:08.124,Old Town,vandalism,24.9,0,1,8.3,1,0,4.6,0.85,697.0,21.0
RPT-1148,2023-03-27 21:13:49.942,Downtown,lighting,8.7,0,6,7.4,0,1,5.0,2.5,609.0,21.0
RPT-1149,2023-05-23 09:04:18.771,Old Town,lighting,16.3,0,3,6.6,0,0,4.7,4.44,559.0,9.0
RPT-1150,2024-12-23 08:38:52.604,Uptown,noise,8.9,0,0,3.6,0,1,4.1,3.03,233.0,8.0
RPT-1151,2023-05-31 03:27:55.184,Riverside,noise,1.0,0,2,1.7,0,0,4.0,0.41,105.0,3.0
RPT-1152,2023-04-29 13:14:21.354,Tech District,vandalism,24.5,0,13,6.9,1,0,4.2,5.25,529.0,13.0
RPT-1153,2023-11-03 06:13:45.439,Old Town,pothole,47.9,0,1,8.2,0,0,2.7,7.66,692.0,6.0
RPT-1154,2024-03-19 11:57:34.131,Tech District,noise,7.0,0,2,4.9,0,0,4.8,3.56,397.0,11.0
RPT-1155,2023-01-16 03:48:15.815,Old Town,noise,4.8,0,0,3.7,0,0,4.6,2.93,248.0,3.0
RPT-1156,2024-07-02 00:14:38.048,Downtown,vandalism,21.4,0,2,6.5,0,1,4.9,0.0,470.0,0.0
RPT-1157,2024-05-13 23:11:29.164,Old Town,noise,7.8,0,1,4.8,0,0,3.4,3.21,317.0,23.0
RPT-1158,2024-11-23 11:55:06.849,Uptown,pothole,46.2,0,3,7.5,1,1,4.4,5.73,606.0,11.0
RPT-1159,2024-08-16 14:58:15.850,Old Town,pothole,70.7,1,4,9.7,0,1,2.5,5.3,960.0,14.0
RPT-1160,2023-06-04 16:41:44.951,Riverside,vandalism,35.2,1,2,10.0,1,0,3.3,5.5,966.0,16.0
RPT-1161,2023-02-07 20:38:43.702,Old Town,vandalism,24.8,0,3,9.0,0,0,4.5,2.63,713.0,20.0
RPT-1162,2024-10-04 18:59:49.499,Downtown,lighting,18.1,1,2,6.8,0,0,4.7,0.0,759.0,18.0
RPT-1163,2024-04-06 00:25:39.052,Tech District,vandalism,24.0,0,12,5.8,1,1,2.7,4.95,519.0,0.0
RPT-1164,2024-06-10 04:21:13.208,Riverside,noise,5.9,0,2,3.2,0,0,3.7,0.97,223.0,4.0
RPT-1165,2024-10-23 05:04:02.519,Old Town,noise,1.3,0,0,2.9,0,0,4.2,1.76,267.0,5.0
RPT-1166,2024-08-23 13:41:35.925,Old Town,vandalism,39.1,1,2,10.0,0,0,4.5,0.58,1000.0,13.0
RPT-1167,2023-10-13 04:33:00.241,Old Town,pothole,73.3,1,1,8.8,0,0,3.6,4.08,857.0,4.0
RPT-1168,2024-08-15 17:18:11.839,Downtown,noise,5.5,0,0,1.9,0,0,5.0,2.39,217.0,17.0
RPT-1169,2023-04-23 00:21:53.184,Riverside,lighting,8.4,0,3,5.1,1,0,4.8,3.15,469.0,0.0
RPT-1170,2023-04-18 21:12:11.359,Tech District,pothole,45.8,0,1,6.3,0,0,4.6,4.16,450.0,21.0
RPT-1171,2023-07-12 01:09:19.207,Uptown,vandalism,33.3,1,1,10.0,0,0,4.1,1.3,919.0,1.0
RPT-1172,2024-09-11 07:49:39.159,Old Town,noise,11.5,0,5,2.3,0,0,3.8,5.33,212.0,7.0
RPT-1173,2023-02-13 10:26:42.036,Downtown,pothole,49.8,0,11,5.2,0,1,3.9,0.93,481.0,10.0
RPT-1174,2023-09-10 17:22:08.057,Uptown,pothole,48.2,0,1,7.3,1,1,5.0,2.4,551.0,17.0
RPT-1175,2023-06-20 18:01:35.315,Uptown,lighting,19.6,1,9,6.1,0,0,3.4,3.11,714.0,18.0
RPT-1176,2023-05-18 13:58:28.394,Riverside,noise,4.8,0,2,4.7,0,1,4.4,1.41,403.0,13.0
RPT-1177,2024-07-15 04:44:32.306,Old Town,pothole,68.2,1,1,8.0,0,1,3.4,1.87,819.0,4.0
RPT-1178,2023-11-29 04:43:51.979,Tech District,lighting,10.9,0,0,3.9,0,0,3.9,3.34,320.0,4.0
RPT-1179,2024-05-29 17:23:40.741,Riverside,noise,5.0,0,18,1.0,0,0,4.9,0.27,68.0,17.0
RPT-1180,2023-12-05 18:57:58.377,Tech District,pothole,44.5,0,3,4.3,0,1,3.7,0.0,316.0,18.0
RPT-1181,2024-02-28 15:10:23.897,Tech District,noise,8.7,1,1,6.0,0,1,4.0,3.24,,15.0
RPT-1182,2023-12-19 13:42:19.556,Riverside,pothole,51.6,0,0,5.8,0,0,3.2,2.92,522.0,13.0
RPT-1183,2023-05-17 09:09:07.966,Riverside,lighting,9.4,0,2,7.2,0,0,4.0,1.66,627.0,9.0
RPT-1184,2024-03-16 08:23:28.547,Riverside,pothole,70.2,1,2,10.0,1,0,3.4,4.84,1000.0,8.0
RPT-1185,2023-08-06 05:43:54.001,Tech District,lighting,21.6,1,3,5.2,1,1,3.6,3.18,702.0,5.0
RPT-1186,2023-09-20 02:25:59.257,Uptown,pothole,71.3,1,6,8.1,0,0,3.2,3.37,780.0,2.0
RPT-1187,2024-07-31 18:28:48.247,Old Town,vandalism,33.1,1,3,10.0,0,0,4.1,4.99,962.0,18.0
RPT-1188,2024-01-15 05:11:55.168,Downtown,lighting,7.7,0,1,7.3,0,0,5.0,4.11,606.0,5.0
RPT-1189,2024-06-26 00:22:22.954,Old Town,pothole,54.5,0,0,8.2,0,0,5.0,4.49,685.0,0.0
RPT-1190,2023-05-21 17:21:47.730,Downtown,lighting,9.4,0,2,5.5,1,0,3.4,0.0,542.0,17.0
RPT-1191,2024-08-28 22:26:43.257,Tech District,vandalism,20.7,0,2,8.3,0,0,4.1,0.32,709.0,22.0
RPT-1192,2023-10-25 03:59:26.712,Downtown,pothole,48.9,0,4,6.4,0,0,4.6,4.47,545.0,3.0
RPT-1193,2024-05-05 11:35:17.456,Old Town,vandalism,39.5,1,1,10.0,1,0,3.0,1.94,1000.0,11.0
RPT-1194,2024-01-23 07:01:29.479,Tech District,noise,8.7,0,16,4.0,0,1,4.7,0.0,357.0,7.0
RPT-1195,2023-02-14 16:57:39.610,Tech District,lighting,13.1,0,2,4.6,0,0,4.2,4.66,321.0,16.0
RPT-1196,2023-05-14 05:40:14.690,Riverside,pothole,51.9,0,7,6.4,1,1,4.8,5.89,486.0,5.0
RPT-1197,2023-05-16 21:09:32.633,Tech District,lighting,8.7,0,2,3.8,0,0,4.7,2.76,324.0,21.0
RPT-1198,2024-04-29 21:37:43.683,Old Town,lighting,9.3,0,3,4.3,0,0,5.0,2.2,355.0,21.0
RPT-1199,2023-07-14 22:36:45.283,Old Town,noise,7.8,0,10,5.7,0,0,3.7,3.36,414.0,22.0
RPT-1200,2023-03-28 12:55:33.648,Uptown,pothole,54.6,0,11,6.6,0,1,5.0,7.01,631.0,12.0
RPT-1201,2024-11-01 08:35:05.537,Tech District,lighting,15.6,0,3,3.8,0,0,4.2,2.66,281.0,8.0
RPT-1202,2024-03-11 02:54:38.498,Downtown,lighting,14.1,0,9,6.4,0,0,3.6,0.0,507.0,2.0
RPT-1203,2023-01-08 06:57:07.654,Riverside,lighting,11.6,0,5,6.8,1,1,4.7,2.55,496.0,6.0
RPT-1204,2023-06-23 15:17:41.135,Downtown,vandalism,34.9,1,2,10.0,0,0,2.4,0.65,973.0,15.0
RPT-1205,2024-12-24 23:04:33.153,Old Town,,7.3,0,3,5.5,0,0,4.0,2.26,460.0,23.0
RPT-1206,2024-08-25 20:04:18.057,Downtown,lighting,11.4,0,1,7.1,1,0,4.4,2.24,424.0,20.0
RPT-1207,2024-06-28 02:16:44.344,Downtown,lighting,17.5,1,2,5.5,0,0,3.7,4.53,701.0,2.0
RPT-1208,2024-12-08 12:34:59.234,Old Town,pothole,47.7,0,1,6.7,1,1,4.0,3.73,581.0,12.0
RPT-1209,2024-10-11 03:09:09.124,Uptown,pothole,45.6,0,2,5.2,0,0,4.2,3.2,359.0,3.0
RPT-1210,2024-05-10 12:45:34.114,Tech District,pothole,42.7,0,1,4.5,0,0,4.4,3.17,395.0,12.0
RPT-1211,2024-11-19 07:56:30.473,Old Town,vandalism,24.3,0,0,5.7,0,0,3.8,4.59,393.0,7.0
RPT-1212,2023-01-30 19:41:10.660,Old Town,pothole,48.9,0,3,4.0,0,0,3.6,1.38,330.0,19.0
RPT-1213,2024-05-29 03:18:20.219,Downtown,lighting,15.4,0,1,5.6,0,0,4.8,3.35,429.0,3.0
RPT-1214,2024-05-21 10:52:34.440,Riverside,pothole,45.5,0,2,6.1,0,0,3.8,7.02,576.0,10.0
RPT-1215,2024-05-08 16:56:34.305,Riverside,pothole,44.9,0,1,8.1,0,0,4.2,1.71,645.0,16.0
RPT-1216,2023-12-28 05:43:58.064,Old Town,vandalism,34.1,1,1,10.0,0,1,4.4,1.46,927.0,5.0
RPT-1217,2024-08-11 05:20:33.480,Tech District,vandalism,36.3,1,4,10.0,1,0,3.4,2.64,1000.0,5.0
RPT-1218,2024-08-16 23:38:03.443,Old Town,lighting,12.9,0,4,3.9,0,0,2.7,3.4,330.0,23.0
RPT-1219,2023-07-05 07:42:15.311,Old Town,noise,11.6,1,4,6.7,0,1,2.8,1.71,787.0,
RPT-1220,2023-01-15 00:12:04.308,Riverside,vandalism,35.0,1,2,9.4,1,0,3.3,0.67,915.0,
RPT-1221,2024-10-14 03:57:32.060,Old Town,vandalism,24.6,0,6,6.4,0,0,4.5,2.63,561.0,3.0
RPT-1222,2023-06-13 21:10:55.827,Downtown,lighting,15.6,0,2,8.9,0,0,3.6,4.19,725.0,21.0
RPT-1223,2024-06-09 22:45:51.442,Riverside,noise,5.9,0,2,6.0,1,0,4.1,0.0,449.0,22.0
RPT-1224,2024-03-26 04:01:01.918,Uptown,vandalism,39.9,1,1,10.0,0,0,4.2,4.09,988.0,4.0
RPT-1225,2023-12-22 17:23:57.350,Uptown,noise,3.9,0,1,6.4,0,0,3.9,5.43,588.0,17.0
RPT-1226,2024-08-19 22:38:57.421,Riverside,noise,8.0,0,3,3.4,0,0,3.3,5.38,248.0,22.0
RPT-1227,2024-03-23 02:24:23.725,Uptown,noise,5.6,0,2,3.2,1,1,4.8,5.75,306.0,2.0
RPT-1228,2024-09-02 16:29:45.715,Tech District,noise,1.0,0,1,4.2,0,0,5.0,0.37,372.0,16.0
RPT-1229,2024-10-09 12:21:10.627,Old Town,pothole,50.0,0,3,4.6,0,0,4.3,0.0,254.0,12.0
RPT-1230,2024-01-12 13:51:37.170,Tech District,vandalism,36.4,1,2,10.0,0,0,3.1,2.82,1000.0,13.0
RPT-1231,2024-01-11 22:53:38.216,Tech District,pothole,48.6,0,2,6.3,0,0,4.5,4.78,477.0,22.0
RPT-1232,2024-11-11 14:28:41.107,Riverside,,7.0,0,0,3.4,0,0,4.5,6.68,260.0,14.0
RPT-1233,2024-04-16 03:33:33.992,Downtown,pothole,71.0,1,0,6.2,0,1,3.3,0.0,734.0,3.0
RPT-1234,2024-10-08 14:15:32.535,Riverside,noise,8.2,0,0,2.7,0,0,5.0,6.42,210.0,14.0
RPT-1235,2024-02-21 08:12:59.384,Downtown,lighting,11.5,0,1,5.1,0,0,5.0,1.15,419.0,8.0
RPT-1236,2024-06-25 13:59:13.439,Old Town,noise,7.9,0,3,4.8,0,0,3.7,0.0,409.0,13.0
RPT-1237,2024-08-05 09:51:37.934,Uptown,noise,9.1,0,4,2.5,0,1,4.8,1.07,201.0,9.0
RPT-1238,2023-11-26 14:25:08.487,Tech District,lighting,17.2,1,13,3.4,1,0,3.4,2.63,450.0,14.0
RPT-1239,2023-12-02 23:03:22.376,Riverside,vandalism,17.4,0,0,7.4,1,1,3.6,0.19,587.0,23.0
RPT-1240,2024-07-20 11:13:32.455,Old Town,noise,1.0,0,1,5.1,1,0,4.0,1.5,423.0,11.0
RPT-1241,2023-05-18 14:05:02.464,Downtown,vandalism,40.0,1,16,10.0,0,0,2.9,2.36,960.0,14.0
RPT-1242,2024-03-08 11:15:18.482,Uptown,noise,10.7,1,3,6.0,0,0,2.9,0.0,589.0,11.0
RPT-1243,2024-08-14 04:21:13.355,Downtown,lighting,7.2,0,3,4.3,0,0,4.3,6.22,388.0,4.0
RPT-1244,2024-06-01 01:52:18.762,Riverside,pothole,47.2,0,2,4.7,1,0,5.0,2.02,401.0,1.0
RPT-1245,2024-06-06 07:47:44.017,Downtown,lighting,17.5,1,3,7.3,0,0,4.1,3.76,815.0,7.0
RPT-1246,2024-02-06 08:09:55.628,Riverside,pothole,72.2,1,1,6.9,0,0,2.1,1.71,885.0,8.0
RPT-1247,2024-09-22 13:30:57.967,Tech District,vandalism,34.5,1,0,10.0,1,1,2.7,5.53,956.0,13.0
RPT-1248,2023-07-25 00:06:24.208,Tech District,noise,7.9,0,3,4.6,0,0,5.0,1.66,437.0,0.0
RPT-1249,2023-01-16 12:15:53.857,Old Town,lighting,11.2,0,4,2.2,0,1,5.0,6.17,214.0,12.0
RPT-1250,2023-05-17 10:37:52.430,Uptown,noise,2.0,0,1,6.2,0,0,3.4,2.14,498.0,10.0
RPT-1251,2023-08-31 05:33:28.500,Downtown,pothole,47.5,0,2,3.5,0,0,3.6,4.93,360.0,5.0
RPT-1252,2024-09-11 06:23:01.768,Uptown,lighting,8.3,0,3,4.1,0,1,3.8,2.97,355.0,6.0
RPT-1253,2023-09-19 20:17:20.775,Tech District,noise,5.0,0,1,3.9,0,0,3.9,2.48,391.0,20.0
RPT-1254,2023-09-04 03:44:39.350,Downtown,lighting,13.7,0,0,4.6,0,0,4.1,3.46,379.0,3.0
RPT-1255,2024-01-07 15:38:57.353,Tech District,lighting,20.7,1,4,4.6,1,0,2.6,0.61,575.0,15.0
RPT-1256,2023-10-24 06:05:22.819,Downtown,noise,10.2,0,3,7.3,0,0,3.6,1.76,575.0,6.0
RPT-1257,2023-05-15 01:44:22.041,Uptown,vandalism,34.6,1,3,8.4,0,0,3.7,7.15,826.0,1.0
RPT-1258,2023-02-23 13:03:53.835,Uptown,noise,1.0,0,5,3.6,0,0,3.8,2.79,420.0,13.0
RPT-1259,2024-09-05 04:41:19.311,Downtown,pothole,43.5,0,4,6.5,0,1,4.4,1.67,563.0,4.0
RPT-1260,2023-11-06 14:38:59.011,Uptown,lighting,11.6,0,4,3.2,0,0,3.5,1.69,226.0,14.0
RPT-1261,2024-04-26 00:24:40.480,Downtown,pothole,52.1,0,3,5.9,0,0,4.4,4.04,504.0,0.0
RPT-1262,2023-05-17 16:19:35.635,Tech District,noise,6.7,0,1,4.1,0,0,4.0,5.27,357.0,16.0
RPT-1263,2023-10-29 08:11:39.200,Downtown,noise,1.0,1,2,8.9,1,0,3.3,4.9,967.0,8.0
RPT-1264,2024-12-22 14:52:43.561,Downtown,vandalism,22.8,0,2,6.9,1,0,5.0,4.03,588.0,14.0
RPT-1265,2023-06-09 20:47:49.270,Riverside,lighting,13.5,0,1,6.2,0,0,4.8,5.38,531.0,20.0
RPT-1266,2023-01-22 01:12:39.418,Uptown,pothole,73.1,1,0,10.0,1,1,2.8,2.95,917.0,1.0
RPT-1267,2024-12-08 14:23:00.930,Tech District,noise,1.0,0,0,2.8,1,0,4.0,0.0,234.0,14.0
RPT-1268,2024-01-16 09:15:08.844,Uptown,pothole,72.0,1,2,6.8,0,0,3.4,1.58,694.0,9.0
RPT-1269,2023-05-14 21:37:20.635,Tech District,vandalism,33.7,1,3,9.6,1,0,4.0,0.0,961.0,21.0
RPT-1270,2023-04-10 19:12:50.801,Riverside,lighting,12.2,0,3,5.0,0,1,4.2,5.01,509.0,19.0
RPT-1271,2024-02-16 11:35:00.917,Uptown,lighting,8.1,0,1,3.3,0,0,4.8,4.69,291.0,11.0
RPT-1272,2024-12-02 19:36:38.048,Old Town,noise,5.7,0,1,6.1,0,0,3.6,4.78,396.0,19.0
RPT-1273,2023-10-02 21:31:53.930,Riverside,vandalism,23.9,0,0,7.2,0,0,4.3,1.36,632.0,21.0
RPT-1274,2023-10-22 06:40:04.746,Old Town,noise,5.0,0,15,4.0,1,1,5.0,0.93,277.0,6.0
RPT-1275,2024-06-22 08:01:35.443,Riverside,noise,8.4,0,0,2.0,1,0,3.5,2.05,203.0,8.0
RPT-1276,2023-02-04 18:01:31.252,Riverside,noise,5.8,0,19,4.3,1,0,4.1,6.96,422.0,18.0
RPT-1277,2023-02-13 13:37:01.763,Old Town,pothole,44.0,0,16,6.8,0,0,3.5,3.38,547.0,13.0
RPT-1278,2024-10-28 16:31:17.993,Old Town,lighting,8.8,0,0,6.6,0,0,4.7,5.41,521.0,16.0
RPT-1279,2023-07-30 23:09:26.753,Downtown,noise,3.6,0,3,3.2,1,0,3.2,1.98,248.0,23.0
RPT-1280,2024-07-03 16:44:10.699,Old Town,vandalism,34.6,1,3,10.0,0,1,4.3,2.85,1000.0,16.0
RPT-1281,2024-07-18 23:44:05.682,Old Town,lighting,14.8,1,2,8.9,0,1,4.1,5.15,843.0,23.0
RPT-1282,2023-12-21 07:42:59.900,Uptown,noise,12.1,1,2,4.9,0,0,3.1,2.67,594.0,7.0
RPT-1283,2024-07-27 06:38:20.166,Uptown,vandalism,21.0,0,2,5.7,1,0,3.3,2.56,324.0,6.0
RPT-1284,2023-06-05 17:12:28.931,Tech District,vandalism,38.3,1,1,6.4,0,1,3.9,2.92,812.0,17.0
RPT-1285,2024-02-27 23:08:13.430,Tech District,lighting,12.6,0,3,4.6,0,1,4.4,4.96,330.0,23.0
RPT-1286,2024-06-15 22:53:14.417,Old Town,lighting,5.5,0,1,5.4,1,1,5.0,0.3,465.0,22.0
RPT-1287,2024-11-29 08:22:03.336,Downtown,vandalism,38.0,1,2,9.8,0,0,2.2,2.65,1000.0,8.0
RPT-1288,2023-01-03 08:28:11.520,Old Town,noise,7.6,1,1,6.3,0,0,2.5,1.77,685.0,8.0
RPT-1289,2024-03-10 12:14:30.191,Downtown,lighting,11.0,0,3,5.7,1,0,5.0,6.16,405.0,12.0
RPT-1290,2024-11-01 17:53:51.740,Riverside,noise,2.6,0,2,2.1,0,0,4.5,4.24,113.0,17.0
RPT-1291,2023-03-23 23:24:37.879,Riverside,vandalism,23.5,0,2,10.0,0,0,4.2,2.62,782.0,23.0
RPT-1292,2024-02-08 15:29:49.707,Downtown,noise,7.0,1,2,8.1,0,0,3.3,0.54,870.0,15.0
RPT-1293,2023-05-17 22:19:11.148,Uptown,pothole,49.1,0,2,3.6,0,0,4.6,7.05,219.0,22.0
RPT-1294,2024-02-27 18:15:33.769,Riverside,pothole,72.6,1,3,7.0,0,0,3.8,3.04,727.0,18.0
RPT-1295,2023-09-03 22:06:54.252,Old Town,lighting,19.5,1,2,9.1,1,0,4.4,3.46,867.0,22.0
RPT-1296,2023-04-25 14:28:49.009,Riverside,lighting,12.0,0,0,7.3,0,0,3.2,4.21,628.0,14.0
RPT-1297,2024-11-12 12:48:55.925,Old Town,vandalism,22.6,0,1,7.3,0,0,4.1,7.2,571.0,12.0
RPT-1298,2024-07-18 07:24:11.428,Riverside,lighting,10.9,0,3,4.0,0,0,3.7,5.64,390.0,7.0
RPT-1299,2023-05-15 13:30:21.059,Uptown,vandalism,34.2,1,5,7.0,0,1,4.2,0.58,796.0,13.0
RPT-1300,2024-08-15 07:55:25.106,Downtown,lighting,12.0,0,1,3.6,0,0,3.9,4.37,293.0,7.0
RPT-1301,2024-12-30 01:27:17.707,Riverside,vandalism,25.8,0,2,6.8,0,0,5.0,4.56,529.0,1.0
RPT-1302,2024-02-19 04:27:44.238,Riverside,noise,9.2,0,2,3.4,0,0,3.2,3.73,316.0,4.0
RPT-1303,2024-11-08 04:09:44.177,Uptown,lighting,10.7,0,1,1.1,0,0,4.4,3.87,108.0,4.0
RPT-1304,2024-03-20 16:30:44.094,Old Town,pothole,75.7,1,2,6.4,0,0,3.6,5.11,683.0,16.0
RPT-1305,2023-05-13 03:10:08.427,Old Town,pothole,43.0,0,0,6.5,1,0,3.8,1.65,521.0,3.0
RPT-1306,2023-05-19 15:48:39.764,Old Town,noise,1.7,0,1,2.4,0,0,4.7,0.7,225.0,15.0
RPT-1307,2023-03-03 12:05:30.453,Old Town,vandalism,25.4,0,7,9.8,0,0,3.4,2.07,807.0,12.0
RPT-1308,2024-11-08 06:59:50.147,Tech District,pothole,50.4,0,5,5.6,0,0,4.3,1.38,406.0,6.0
RPT-1309,2023-02-01 15:51:30.700,Old Town,noise,6.6,0,3,5.0,0,1,3.0,5.1,350.0,15.0
RPT-1310,2023-03-25 08:50:17.367,Riverside,noise,3.8,0,2,4.4,1,0,5.0,4.99,392.0,8.0
RPT-1311,2024-05-28 12:09:54.849,Downtown,pothole,47.8,0,3,5.2,0,0,4.6,0.4,354.0,12.0
RPT-1312,2023-05-06 21:29:09.965,Tech District,lighting,15.2,0,3,6.4,1,0,4.6,1.93,476.0,21.0
RPT-1313,2024-11-03 20:57:16.513,Downtown,pothole,52.3,0,0,4.7,1,1,3.9,4.78,404.0,20.0
RPT-1314,2023-06-25 00:44:00.970,Uptown,vandalism,37.5,1,0,10.0,1,1,5.0,3.08,988.0,0.0
RPT-1315,2024-02-15 22:15:38.320,Old Town,vandalism,36.8,1,3,8.3,0,0,2.7,3.75,904.0,22.0
RPT-1316,2023-06-01 06:10:20.059,Old Town,noise,3.1,0,4,5.2,0,0,3.9,3.29,327.0,6.0
RPT-1317,2024-05-03 18:17:05.372,Uptown,vandalism,37.2,1,1,7.7,0,0,4.4,1.74,892.0,18.0
RPT-1318,2024-03-20 07:58:02.563,Tech District,pothole,70.4,1,2,5.4,0,0,3.9,2.69,701.0,7.0
RPT-1319,2024-04-14 13:20:33.565,Uptown,noise,8.4,0,1,6.3,1,0,3.8,2.41,477.0,13.0
RPT-1320,2023-05-27 02:36:34.924,Downtown,lighting,16.5,1,1,4.5,1,0,2.4,3.15,635.0,2.0
RPT-1321,2024-01-07 11:30:26.067,Downtown,noise,5.7,1,2,3.8,1,0,3.0,2.83,431.0,11.0
RPT-1322,2024-02-09 08:56:13.430,Riverside,noise,2.2,0,3,2.5,0,0,3.8,2.46,283.0,8.0
RPT-1323,2024-11-16 06:00:16.205,Tech District,lighting,16.0,0,2,6.8,1,0,5.0,0.0,590.0,6.0
RPT-1324,2024-05-05 08:36:59.066,Old Town,pothole,50.0,0,2,4.7,1,1,4.6,3.68,395.0,8.0
RPT-1325,2024-11-24 02:14:43.410,Uptown,lighting,8.0,0,3,2.7,1,0,4.6,4.14,212.0,2.0
RPT-1326,2024-08-26 12:11:47.504,Tech District,pothole,51.4,0,1,5.5,0,0,4.2,2.65,451.0,12.0
RPT-1327,2023-07-08 09:17:03.922,Downtown,lighting,10.9,0,16,7.5,1,1,3.8,3.03,595.0,9.0
RPT-1328,2023-11-25 02:48:17.207,Riverside,vandalism,40.7,1,2,10.0,1,0,3.7,2.53,960.0,2.0
RPT-1329,2023-08-11 20:30:04.108,Riverside,lighting,9.9,0,1,4.9,0,1,3.6,4.36,466.0,20.0
RPT-1330,2023-11-20 07:26:27.267,Riverside,lighting,16.3,1,6,7.4,0,0,4.6,4.36,799.0,7.0
RPT-1331,2023-02-28 12:12:11.115,Downtown,pothole,53.1,0,0,7.0,0,0,4.0,5.15,678.0,12.0
RPT-1332,2024-03-17 18:20:24.272,Uptown,pothole,69.6,1,4,6.9,1,1,4.2,0.97,671.0,18.0
RPT-1333,2023-12-09 13:10:13.925,Downtown,vandalism,29.9,1,2,9.2,1,0,4.2,2.23,933.0,13.0
RPT-1334,2024-04-27 17:52:01.834,Tech District,lighting,12.1,0,0,2.1,1,0,4.8,2.97,180.0,17.0
RPT-1335,2023-02-05 22:07:35.740,Tech District,noise,3.9,0,2,3.6,1,0,4.0,4.58,305.0,22.0
RPT-1336,2024-03-03 05:42:37.522,Downtown,noise,6.7,0,0,5.5,1,0,3.4,0.77,444.0,5.0
RPT-1337,2024-11-24 06:44:58.985,Downtown,pothole,43.0,0,2,6.7,1,0,4.6,4.1,523.0,6.0
RPT-1338,2023-10-14 11:11:58.887,Uptown,noise,4.6,0,4,4.5,1,0,5.0,0.0,289.0,11.0
RPT-1339,2023-05-08 22:09:37.656,Downtown,noise,5.0,0,6,4.7,0,0,3.5,4.11,330.0,22.0
RPT-1340,2023-07-21 02:26:57.710,Downtown,noise,6.2,1,15,5.6,0,0,4.3,4.84,585.0,2.0
RPT-1341,2023-12-27 01:42:06.850,Downtown,noise,7.7,1,0,5.6,0,1,3.8,1.44,633.0,1.0
RPT-1342,2023-05-18 13:28:38.201,Downtown,noise,5.3,0,2,1.7,0,0,3.1,1.87,187.0,13.0
RPT-1343,2023-12-22 14:25:18.216,Old Town,pothole,54.3,0,2,8.6,0,1,5.0,3.0,623.0,14.0
RPT-1344,2024-06-12 16:53:49.212,Riverside,noise,8.0,0,2,3.6,0,0,3.5,3.51,243.0,16.0
RPT-1345,2023-10-21 07:13:02.942,Uptown,pothole,46.8,0,2,5.8,1,0,4.3,0.0,476.0,7.0
RPT-1346,2024-03-12 09:48:24.848,Riverside,lighting,11.9,0,3,3.9,0,1,5.0,3.26,330.0,9.0
RPT-1347,2024-04-24 23:54:30.135,Riverside,lighting,13.0,0,2,3.0,0,1,4.0,1.4,236.0,23.0
RPT-1348,2024-02-28 23:30:22.341,Tech District,vandalism,39.7,1,2,9.3,0,1,3.3,4.88,968.0,23.0
RPT-1349,2023-10-12 04:40:09.444,Uptown,noise,5.1,0,0,3.1,0,0,4.4,5.4,223.0,4.0
RPT-1350,2023-08-25 07:14:54.222,Downtown,lighting,6.4,0,1,5.9,0,0,3.7,2.63,441.0,7.0
RPT-1351,2023-10-10 02:17:10.275,Riverside,noise,1.0,1,3,7.0,0,0,2.6,2.6,759.0,2.0
RPT-1352,2023-05-21 10:30:03.370,Tech District,noise,6.8,0,1,5.0,1,1,4.6,5.91,435.0,10.0
RPT-1353,2024-06-29 18:56:21.132,Uptown,vandalism,38.4,1,2,10.0,1,0,4.7,1.56,1000.0,18.0
RPT-1354,2024-08-23 20:44:36.601,Uptown,lighting,12.5,0,6,4.8,0,0,3.4,3.8,474.0,20.0
RPT-1355,2023-06-03 13:07:54.751,Riverside,pothole,47.3,0,1,4.4,1,0,3.6,2.26,281.0,13.0
RPT-1356,2023-03-25 12:04:37.583,Tech District,pothole,48.0,0,1,7.4,1,0,3.5,6.04,617.0,12.0
RPT-1357,2024-01-19 07:30:56.818,Uptown,pothole,75.1,1,3,8.3,0,0,3.9,0.65,819.0,7.0
RPT-1358,2023-05-05 15:57:48.636,Uptown,noise,6.8,0,1,2.6,0,0,4.9,0.53,235.0,15.0
RPT-1359,2024-04-02 02:47:03.795,Old Town,noise,6.9,0,2,2.6,0,0,5.0,2.08,204.0,2.0
RPT-1360,2024-11-08 09:09:46.557,Uptown,pothole,71.0,1,1,8.7,0,0,2.5,5.33,929.0,9.0
RPT-1361,2024-07-16 00:43:46.545,Riverside,vandalism,23.1,0,10,9.1,0,0,4.7,0.97,715.0,0.0
RPT-1362,2023-07-23 09:09:32.168,Downtown,pothole,47.9,0,10,6.8,1,1,4.7,5.66,563.0,9.0
RPT-1363,2023-04-01 15:05:45.192,Riverside,lighting,21.3,1,4,9.7,1,0,3.1,0.29,948.0,15.0
RPT-1364,2024-02-10 23:49:24.761,Tech District,pothole,74.1,1,16,8.2,1,0,4.4,4.1,890.0,23.0
RPT-1365,2023-05-08 17:17:06.027,Riverside,vandalism,40.8,1,0,10.0,0,0,3.1,0.88,1000.0,17.0
RPT-1366,2023-10-06 20:46:36.328,Uptown,noise,13.4,1,2,6.0,0,0,3.8,0.96,619.0,20.0
RPT-1367,2023-02-27 09:13:07.236,Old Town,vandalism,37.1,1,15,10.0,0,0,4.2,3.83,1000.0,9.0
RPT-1368,2024-06-28 02:42:12.107,Uptown,vandalism,36.1,1,2,10.0,0,1,2.2,4.08,1000.0,2.0
RPT-1369,2024-10-07 23:28:06.432,Downtown,noise,9.8,1,2,5.9,0,0,3.1,3.39,634.0,23.0
RPT-1370,2023-03-26 15:33:41.723,Uptown,noise,1.6,0,3,4.9,1,0,4.9,1.74,404.0,15.0
RPT-1371,2023-02-11 20:45:52.786,Downtown,vandalism,26.5,0,3,7.2,1,0,4.0,2.59,538.0,20.0
RPT-1372,2023-03-23 19:02:51.903,Riverside,lighting,17.5,1,1,4.7,0,1,3.3,2.52,572.0,19.0
RPT-1373,2024-12-27 21:12:50.165,Riverside,pothole,49.4,0,10,4.5,0,0,3.6,2.24,330.0,21.0
RPT-1374,2023-02-09 07:38:28.127,Tech District,vandalism,40.1,1,0,8.3,0,0,4.0,1.89,843.0,7.0
RPT-1375,2023-08-19 06:45:59.498,Tech District,pothole,45.2,0,1,6.0,1,0,3.5,4.15,390.0,6.0
RPT-1376,2024-02-16 04:26:23.806,Downtown,lighting,10.9,0,10,5.5,0,0,3.1,4.56,397.0,4.0
RPT-1377,2024-05-27 15:47:32.468,Old Town,pothole,47.9,0,11,5.8,0,0,3.7,6.48,447.0,15.0
RPT-1378,2024-04-13 15:07:30.895,Tech District,lighting,17.5,0,3,6.2,1,0,4.0,4.69,493.0,15.0
RPT-1379,2023-07-21 12:54:18.166,Tech District,noise,1.0,0,4,3.6,0,1,5.0,1.95,189.0,12.0
RPT-1380,2024-03-24 21:05:14.751,Uptown,lighting,10.5,0,2,5.5,1,0,5.0,6.25,550.0,21.0
RPT-1381,2024-04-26 04:04:03.563,Downtown,noise,4.5,0,1,6.2,0,1,3.3,3.43,441.0,4.0
RPT-1382,2024-05-02 14:39:51.261,Uptown,noise,3.2,0,1,2.7,0,0,3.8,4.67,160.0,14.0
RPT-1383,2023-09-30 01:07:47.761,Downtown,noise,5.7,0,2,4.2,1,0,3.5,3.8,359.0,1.0
RPT-1384,2023-03-17 13:56:26.030,Tech District,noise,6.6,0,1,2.5,0,0,3.9,4.08,214.0,13.0
RPT-1385,2024-09-09 08:56:26.553,Uptown,pothole,73.1,1,2,5.9,0,1,3.0,2.94,626.0,8.0
RPT-1386,2024-12-03 00:54:31.781,Uptown,noise,2.2,0,2,3.0,0,0,5.0,2.59,237.0,0.0
RPT-1387,2023-07-25 06:29:45.778,Old Town,noise,1.4,0,4,3.4,0,0,4.5,3.28,165.0,6.0
RPT-1388,2023-08-18 12:10:33.968,Tech District,noise,7.3,0,2,4.3,0,0,4.2,1.98,403.0,12.0
RPT-1389,2023-03-17 05:31:31.505,Old Town,lighting,11.3,0,1,2.7,0,1,4.0,3.5,171.0,5.0
RPT-1390,2024-03-11 00:05:15.087,Old Town,pothole,45.6,0,2,5.2,0,0,3.8,3.72,379.0,0.0
RPT-1391,2023-01-31 23:30:09.920,Old Town,pothole,50.3,0,4,9.3,0,1,4.3,1.59,683.0,23.0
RPT-1392,2023-07-21 02:00:36.365,Tech District,lighting,13.5,0,2,5.3,0,0,4.9,2.09,379.0,2.0
RPT-1393,2024-02-01 19:15:10.723,Riverside,noise,7.9,0,2,5.5,0,0,5.0,0.82,376.0,19.0
RPT-1394,2024-04-04 17:56:07.746,Downtown,vandalism,23.7,0,1,6.8,0,1,3.8,0.69,489.0,17.0
RPT-1395,2024-11-15 18:53:59.370,Old Town,noise,5.9,0,3,7.1,0,0,3.9,4.65,608.0,18.0
RPT-1396,2024-03-07 14:52:36.160,Tech District,vandalism,38.6,1,2,10.0,0,0,2.7,6.49,1000.0,14.0
RPT-1397,2023-12-15 06:26:10.062,Tech District,lighting,11.3,0,4,4.2,0,0,3.8,1.33,241.0,6.0
RPT-1398,2024-03-14 11:15:05.173,Riverside,pothole,48.7,0,2,9.6,0,1,3.1,6.97,813.0,11.0
RPT-1399,2024-11-22 12:26:11.412,Riverside,noise,5.3,0,4,6.9,0,0,4.8,2.57,594.0,12.0
RPT-1400,2024-05-14 00:19:28.888,Old Town,vandalism,37.4,1,8,10.0,0,0,2.6,7.82,1000.0,0.0
RPT-1401,2023-06-07 02:07:15.558,Riverside,pothole,49.8,0,0,6.6,0,0,5.0,0.0,557.0,2.0
RPT-1402,2024-05-24 06:14:34.781,Riverside,pothole,47.8,0,1,6.7,0,0,4.3,2.4,459.0,6.0
RPT-1403,2024-08-21 12:00:06.843,Downtown,noise,4.3,0,2,5.6,0,0,3.8,2.81,514.0,12.0
RPT-1404,2023-04-21 21:29:06.357,Uptown,lighting,8.1,0,2,2.9,0,0,4.1,1.3,293.0,21.0
RPT-1405,2024-08-22 04:12:40.001,Old Town,noise,7.3,1,1,6.7,0,0,3.9,1.42,624.0,4.0
RPT-1406,2023-01-11 22:26:41.576,Downtown,pothole,49.2,0,0,5.7,0,0,4.4,3.9,430.0,22.0
RPT-1407,2023-08-06 23:11:15.428,Old Town,pothole,48.1,0,2,7.2,1,1,4.2,6.45,600.0,23.0
RPT-1408,2023-10-11 07:12:01.451,Tech District,lighting,11.6,0,0,3.9,0,0,4.7,3.31,282.0,7.0
RPT-1409,2023-02-20 14:29:17.419,Downtown,pothole,48.7,0,2,6.6,0,0,4.5,0.0,596.0,14.0
RPT-1410,2023-06-22 10:17:04.512,Riverside,noise,3.6,0,2,3.6,0,0,3.8,3.41,227.0,10.0
RPT-1411,2024-07-18 08:49:00.341,Tech District,lighting,10.8,0,1,4.9,0,0,3.8,0.0,408.0,8.0
RPT-1412,2024-07-27 09:34:15.314,Downtown,lighting,17.3,0,5,5.0,1,0,3.2,6.41,410.0,9.0
RPT-1413,2023-08-14 10:36:01.174,Old Town,vandalism,40.9,1,4,10.0,0,1,4.5,2.54,1000.0,10.0
RPT-1414,2023-05-24 07:51:28.877,Old Town,noise,7.2,0,2,3.7,0,0,2.6,3.29,205.0,7.0
RPT-1415,2024-07-13 03:36:19.236,Uptown,pothole,50.3,0,0,8.3,1,0,3.6,5.62,605.0,3.0
RPT-1416,2024-11-05 00:33:44.973,Uptown,pothole,76.0,1,2,7.3,0,0,4.8,5.14,747.0,0.0
RPT-1417,2024-05-10 04:39:32.251,Old Town,vandalism,37.1,1,2,8.9,0,0,2.7,0.0,975.0,4.0
RPT-1418,2023-02-05 11:28:38.170,Riverside,pothole,47.0,0,3,5.5,1,0,3.5,2.55,383.0,11.0
RPT-1419,2024-02-20 11:49:54.963,Downtown,pothole,49.0,0,1,5.4,0,0,3.8,1.81,426.0,11.0
RPT-1420,2023-07-04 03:28:37.229,Uptown,pothole,48.3,0,1,6.2,0,1,4.1,3.06,462.0,3.0
RPT-1421,2024-12-23 12:19:13.302,Downtown,noise,8.0,0,0,1.4,0,0,5.0,3.08,134.0,12.0
RPT-1422,2023-10-20 01:48:28.480,Tech District,lighting,14.9,0,2,3.5,0,0,3.7,3.14,340.0,1.0
RPT-1423,2024-04-01 05:31:33.554,Uptown,noise,4.2,0,2,3.8,0,0,3.5,4.68,285.0,5.0
RPT-1424,2023-12-16 09:48:03.801,Downtown,lighting,3.3,0,1,4.4,1,0,3.2,3.22,418.0,9.0
RPT-1425,2024-03-31 10:14:02.470,Old Town,vandalism,24.9,0,1,7.3,1,1,3.6,0.69,496.0,10.0
RPT-1426,2023-06-14 18:19:36.139,Uptown,vandalism,22.8,0,0,8.2,0,1,5.0,1.28,682.0,18.0
RPT-1427,2023-09-26 14:34:43.476,Riverside,noise,1.6,0,3,3.3,0,1,3.1,4.52,206.0,14.0
RPT-1428,2023-07-22 22:58:47.801,Riverside,vandalism,25.5,0,2,9.5,1,0,3.6,5.66,700.0,22.0
RPT-1429,2024-07-19 02:49:09.399,Tech District,vandalism,26.7,0,0,8.9,0,0,5.0,5.11,723.0,2.0
RPT-1430,2024-07-28 09:30:38.336,Uptown,noise,4.2,0,2,1.3,1,0,4.8,0.0,85.0,9.0
RPT-1431,2023-01-01 08:40:51.535,Tech District,noise,6.3,0,5,2.6,1,0,3.7,1.45,249.0,8.0
RPT-1432,2023-06-28 08:10:36.148,Downtown,lighting,14.7,0,2,5.7,0,0,5.0,4.83,369.0,8.0
RPT-1433,2024-03-12 11:36:39.896,Tech District,lighting,23.5,1,14,5.4,0,0,4.1,5.74,666.0,11.0
RPT-1434,2023-01-22 13:44:32.242,Old Town,vandalism,24.9,0,1,6.5,1,0,3.5,5.5,558.0,13.0
RPT-1435,2024-09-25 03:18:41.263,Uptown,lighting,11.9,0,2,4.7,0,0,3.9,3.15,362.0,3.0
RPT-1436,2024-11-24 12:15:40.860,Riverside,vandalism,28.3,0,1,4.7,1,1,4.4,3.15,457.0,12.0
RPT-1437,2024-04-18 10:12:33.100,Tech District,noise,10.9,0,1,4.3,0,1,3.6,4.26,332.0,10.0
RPT-1438,2024-06-15 21:48:15.664,Tech District,noise,1.8,0,2,3.6,1,0,4.7,3.6,319.0,21.0
RPT-1439,2024-08-14 13:33:27.327,Old Town,noise,8.2,0,3,2.7,0,0,3.6,5.37,287.0,13.0
RPT-1440,2024-01-30 16:26:07.060,Uptown,noise,4.3,0,3,4.1,0,1,3.5,2.24,339.0,16.0
RPT-1441,2024-12-12 12:13:47.155,Downtown,pothole,73.9,1,0,10.0,0,0,3.0,2.24,1000.0,12.0
RPT-1442,2024-03-19 06:08:09.314,Tech District,noise,1.1,0,0,2.9,0,0,5.0,3.27,235.0,6.0
RPT-1443,2023-07-06 03:49:59.057,Uptown,lighting,13.7,0,1,1.8,0,1,4.9,0.0,219.0,3.0
RPT-1444,2024-05-26 02:23:32.441,Old Town,lighting,11.0,0,1,4.7,1,0,5.0,0.0,439.0,2.0
RPT-1445,2023-02-07 18:13:08.057,Uptown,pothole,73.0,1,16,10.0,0,1,2.7,0.69,1000.0,18.0
RPT-1446,2024-02-04 18:26:10.878,Old Town,pothole,49.0,0,0,4.6,1,0,5.0,4.41,419.0,18.0
RPT-1447,2023-12-19 19:07:08.331,Uptown,noise,10.0,1,4,9.1,0,0,2.7,2.28,948.0,19.0
RPT-1448,2024-02-04 17:45:17.805,Tech District,lighting,17.8,1,2,5.5,1,1,4.4,7.56,672.0,17.0
RPT-1449,2023-09-17 02:27:52.180,Riverside,pothole,44.2,0,16,9.0,1,0,4.2,1.32,666.0,2.0
RPT-1450,2024-12-25 01:26:22.035,Uptown,lighting,14.5,0,3,5.4,0,0,3.8,7.33,461.0,1.0
RPT-1451,2023-10-27 06:28:34.793,Uptown,lighting,15.2,1,3,6.4,0,1,3.4,4.53,762.0,6.0
RPT-1452,2024-09-18 05:03:19.542,Downtown,vandalism,27.7,0,3,6.2,0,0,4.4,1.04,491.0,5.0
RPT-1453,2024-11-13 08:11:10.052,Tech District,lighting,13.0,0,0,5.1,0,0,2.5,3.92,359.0,8.0
RPT-1454,2024-09-06 15:30:16.940,Downtown,pothole,68.5,1,0,5.5,0,0,3.3,4.92,719.0,15.0
RPT-1455,2024-12-25 06:20:07.656,Old Town,pothole,44.6,0,2,6.6,0,0,4.3,2.85,468.0,6.0
RPT-1456,2023-10-06 20:03:11.135,Riverside,pothole,76.4,1,2,10.0,0,0,2.6,2.28,957.0,20.0
RPT-1457,2023-03-05 15:40:29.971,Uptown,lighting,14.0,0,0,8.2,1,0,5.0,3.43,707.0,15.0
RPT-1458,2024-10-31 06:01:09.810,Downtown,lighting,15.3,0,7,4.2,0,0,4.9,3.28,257.0,6.0
RPT-1459,2024-07-16 12:51:08.922,Downtown,lighting,9.6,0,1,8.0,0,0,3.1,4.01,714.0,12.0
RPT-1460,2023-09-01 22:17:37.907,Uptown,noise,11.8,0,16,3.4,0,0,4.6,1.37,266.0,22.0
RPT-1461,2023-04-02 17:37:33.109,Riverside,lighting,10.5,0,4,4.0,1,1,3.9,6.98,278.0,17.0
RPT-1462,2024-09-15 00:02:17.536,Old Town,pothole,46.3,0,3,6.8,1,1,3.7,2.85,565.0,0.0
RPT-1463,2023-08-02 14:47:12.406,Downtown,noise,6.3,0,15,4.7,0,0,5.0,3.93,443.0,14.0
RPT-1464,2023-01-01 02:15:43.023,Downtown,lighting,13.6,0,2,4.9,1,0,5.0,6.87,462.0,2.0
RPT-1465,2023-01-31 00:43:55.349,Riverside,pothole,49.7,0,6,6.1,0,1,4.4,0.57,477.0,0.0
RPT-1466,2024-07-09 23:06:27.585,Tech District,lighting,10.4,0,1,4.2,0,0,4.4,0.0,217.0,23.0
RPT-1467,2024-10-01 12:08:36.859,Riverside,vandalism,23.0,0,1,6.9,0,0,4.2,3.25,515.0,12.0
RPT-1468,2024-05-24 10:30:10.466,Tech District,vandalism,39.0,1,2,10.0,0,1,3.6,0.33,979.0,10.0
RPT-1469,2024-05-28 12:35:18.237,Downtown,noise,5.4,0,3,3.9,0,1,4.1,3.1,258.0,12.0
RPT-1470,2023-12-26 17:18:50.554,Tech District,vandalism,21.8,0,3,6.1,0,0,5.0,0.0,545.0,17.0
RPT-1471,2024-07-22 04:33:34.989,Downtown,lighting,16.2,0,2,5.2,0,1,4.6,1.17,472.0,4.0
RPT-1472,2023-10-11 20:20:04.810,Old Town,pothole,43.8,0,0,5.2,0,0,4.6,1.93,441.0,20.0
RPT-1473,2023-11-28 10:26:36.269,Uptown,noise,10.8,0,2,2.7,0,0,3.2,4.01,198.0,10.0
RPT-1474,2023-05-19 09:50:40.547,Downtown,vandalism,34.5,1,3,10.0,0,0,3.0,5.16,972.0,9.0
RPT-1475,2023-11-16 06:26:07.013,Old Town,noise,9.8,0,4,2.8,0,0,4.5,5.56,113.0,6.0
RPT-1476,2023-11-04 21:38:22.345,Uptown,pothole,49.5,0,1,2.3,1,0,3.4,6.26,154.0,21.0
RPT-1477,2023-06-05 11:50:25.661,Tech District,vandalism,32.5,1,3,10.0,0,0,5.0,2.79,938.0,11.0
RPT-1478,2023-02-24 20:41:41.582,Tech District,noise,11.3,0,2,6.4,0,1,5.0,1.75,430.0,20.0
RPT-1479,2024-05-06 09:30:46.852,Old Town,noise,6.3,0,5,3.4,0,0,3.7,6.62,198.0,9.0
RPT-1480,2024-02-26 02:55:13.422,Old Town,lighting,6.5,0,0,5.2,0,0,2.7,2.94,448.0,2.0
RPT-1481,2024-08-15 06:50:40.221,Downtown,noise,7.9,1,1,6.3,0,1,2.9,0.0,763.0,6.0
RPT-1482,2024-05-16 13:17:18.821,Old Town,vandalism,38.9,1,1,10.0,0,0,3.7,5.15,1000.0,13.0
RPT-1483,2024-08-28 14:03:05.164,Downtown,noise,7.7,0,5,2.8,0,1,3.7,1.37,170.0,14.0
RPT-1484,2024-09-12 21:22:53.250,Old Town,noise,11.4,0,2,6.0,0,1,3.0,3.19,444.0,21.0
RPT-1485,2024-02-21 16:25:08.249,Old Town,noise,1.0,0,1,6.0,0,0,5.0,2.79,529.0,16.0
RPT-1486,2024-01-20 13:42:35.844,Riverside,pothole,77.7,1,4,10.0,1,1,3.8,2.55,958.0,13.0
RPT-1487,2023-09-09 10:41:37.314,Uptown,noise,2.8,0,1,7.1,1,0,4.2,4.56,528.0,10.0
RPT-1488,2023-03-08 14:30:30.949,Downtown,pothole,45.7,0,1,8.6,0,1,4.2,3.22,679.0,14.0
RPT-1489,2024-11-14 23:47:10.990,Tech District,vandalism,37.2,1,5,10.0,0,0,4.2,0.25,1000.0,23.0
RPT-1490,2024-07-16 07:12:49.789,Downtown,noise,1.0,0,3,4.1,0,1,3.0,1.73,357.0,7.0
RPT-1491,2024-04-21 11:42:10.997,Tech District,noise,3.1,0,5,3.8,1,0,4.6,2.01,294.0,11.0
RPT-1492,2024-12-08 14:16:32.700,Uptown,noise,2.0,0,1,3.9,1,0,4.4,3.43,351.0,14.0
RPT-1493,2023-05-30 07:05:26.683,Riverside,lighting,16.7,1,2,7.5,0,1,3.6,0.73,861.0,7.0
RPT-1494,2024-11-25 02:55:13.897,Riverside,noise,11.7,0,1,4.0,0,0,5.0,1.77,313.0,2.0
RPT-1495,2024-10-24 17:59:56.495,Old Town,lighting,13.0,0,4,6.5,0,0,4.9,0.71,561.0,17.0
RPT-1496,2023-12-28 15:50:34.085,Tech District,noise,7.3,1,0,6.1,0,0,3.3,6.61,670.0,15.0
RPT-1497,2024-12-09 23:32:41.687,Old Town,noise,8.1,0,2,4.9,0,0,3.5,7.97,405.0,23.0
RPT-1498,2024-05-10 23:52:55.736,Uptown,vandalism,39.8,1,2,9.8,0,0,3.9,4.87,935.0,23.0
RPT-1499,2024-07-31 02:07:23.964,Downtown,pothole,52.2,0,2,7.4,0,0,4.0,5.13,664.0,2.0
RPT-1500,2023-06-05 15:33:24.811,Uptown,noise,2.3,0,3,2.7,0,0,4.5,3.08,144.0,15.0
RPT-1501,2023-05-16 23:55:13.704,Downtown,pothole,44.1,0,2,7.0,0,1,5.0,0.72,561.0,23.0
RPT-1502,2024-04-15 03:28:02.413,Tech District,lighting,12.6,0,10,4.2,0,0,3.7,4.17,360.0,3.0
RPT-1503,2024-01-26 16:46:32.061,Downtown,lighting,21.2,1,2,7.1,0,1,4.8,4.79,684.0,16.0
RPT-1504,2023-02-03 15:04:00.807,Uptown,vandalism,24.0,0,9,8.0,0,0,3.9,0.3,604.0,15.0
RPT-1505,2024-01-15 15:35:47.549,Uptown,pothole,49.6,0,0,6.2,0,0,4.0,2.76,533.0,15.0
RPT-1506,2024-05-12 12:13:23.787,Tech District,pothole,48.1,0,1,4.4,1,0,5.0,4.61,346.0,12.0
RPT-1507,2024-02-15 16:40:45.768,Tech District,pothole,46.6,0,2,6.2,0,0,5.0,3.55,494.0,16.0
RPT-1508,2024-03-17 12:02:39.298,Old Town,noise,6.0,0,2,4.0,1,0,4.4,1.87,248.0,12.0
RPT-1509,2023-03-25 01:54:25.037,Old Town,noise,3.4,0,3,2.4,1,0,3.6,3.47,125.0,1.0
RPT-1510,2024-09-22 18:50:45.617,Riverside,noise,3.0,0,4,1.5,1,0,4.1,2.35,67.0,18.0
RPT-1511,2024-04-06 22:09:58.221,Tech District,noise,1.5,0,1,4.5,1,0,3.5,3.36,425.0,22.0
RPT-1512,2024-04-25 07:28:19.190,Downtown,vandalism,25.8,0,2,7.4,0,0,5.0,3.14,560.0,7.0
RPT-1513,2023-11-11 17:20:41.579,Old Town,noise,2.3,0,1,5.4,1,1,2.4,3.98,388.0,17.0
RPT-1514,2024-02-22 07:56:55.728,Downtown,noise,3.5,0,4,2.7,0,0,3.5,3.2,152.0,7.0
RPT-1515,2023-05-14 22:16:38.126,Tech District,vandalism,30.6,1,0,9.8,1,0,3.8,4.11,977.0,22.0
RPT-1516,2023-01-03 22:58:06.559,Riverside,pothole,49.2,0,0,6.2,0,1,4.2,3.37,462.0,22.0
RPT-1517,2024-02-11 06:50:56.263,Downtown,lighting,15.5,0,1,6.8,1,0,4.6,2.59,517.0,6.0
RPT-1518,2023-05-29 11:39:09.603,Uptown,pothole,51.1,0,1,3.9,0,0,5.0,3.76,263.0,11.0
RPT-1519,2023-03-05 13:46:58.000,Tech District,pothole,47.1,0,1,8.5,1,1,3.1,6.22,721.0,13.0
RPT-1520,2024-06-16 11:52:07.680,Downtown,lighting,15.3,0,1,4.3,1,0,3.8,3.99,408.0,11.0
RPT-1521,2024-07-31 07:50:59.731,Riverside,noise,1.7,0,11,2.3,0,0,5.0,3.29,155.0,7.0
RPT-1522,2023-02-02 07:50:31.573,Tech District,noise,3.2,0,15,1.9,0,0,3.8,1.42,151.0,7.0
RPT-1523,2023-03-24 16:34:05.243,Tech District,noise,6.9,1,0,6.7,0,0,3.3,4.33,695.0,16.0
RPT-1524,2024-06-19 11:26:44.845,Tech District,vandalism,39.0,1,2,10.0,0,0,2.6,0.05,963.0,11.0
RPT-1525,2023-02-01 19:29:44.631,Old Town,noise,8.6,0,4,3.6,0,0,2.9,4.49,246.0,19.0
RPT-1526,2023-10-11 12:31:23.382,Uptown,lighting,11.6,0,3,6.2,0,0,4.8,2.49,571.0,12.0
RPT-1527,2023-10-13 10:03:43.559,Riverside,noise,6.2,0,17,3.4,0,0,5.0,5.79,307.0,10.0
RPT-1528,2024-06-01 05:32:33.016,Riverside,lighting,13.3,0,1,5.6,1,0,5.0,1.11,528.0,5.0
RPT-1529,2024-11-16 13:17:11.017,Riverside,lighting,11.0,0,2,5.4,1,1,5.0,1.69,385.0,13.0
RPT-1530,2024-11-29 05:57:24.377,Old Town,noise,4.7,0,18,6.5,0,0,5.0,2.88,612.0,5.0
RPT-1531,2023-07-10 22:19:15.216,Riverside,pothole,72.7,1,1,7.6,0,0,3.2,4.92,831.0,22.0
RPT-1532,2024-06-26 23:44:04.426,Uptown,vandalism,32.5,1,21,10.0,0,0,3.0,3.39,1000.0,23.0
RPT-1533,2024-12-15 00:03:14.532,Uptown,vandalism,34.4,1,2,9.4,1,1,4.2,4.08,973.0,0.0
RPT-1534,2024-03-08 12:02:11.924,Tech District,pothole,47.2,0,1,4.1,0,0,5.0,4.14,298.0,12.0
RPT-1535,2023-09-03 06:03:17.005,Riverside,pothole,70.2,1,0,8.9,1,0,2.0,3.82,956.0,6.0
RPT-1536,2023-10-01 10:34:27.614,Downtown,vandalism,37.8,1,3,9.9,1,0,3.2,1.59,1000.0,10.0
RPT-1537,2024-11-28 04:00:02.834,Old Town,vandalism,39.8,1,1,10.0,0,0,2.3,3.15,1000.0,4.0
RPT-1538,2024-03-19 12:40:16.570,Downtown,noise,1.2,0,3,4.6,0,0,2.6,3.71,297.0,12.0
RPT-1539,2023-06-28 02:24:19.482,Downtown,lighting,12.3,0,2,7.9,0,0,3.6,0.0,608.0,2.0
RPT-1540,2024-12-25 20:36:29.033,Old Town,vandalism,30.1,1,4,10.0,0,0,3.5,1.91,1000.0,20.0
RPT-1541,2024-12-12 12:03:06.271,Downtown,vandalism,35.3,1,0,10.0,0,0,3.8,1.27,998.0,12.0
RPT-1542,2024-11-27 16:15:36.076,Old Town,noise,5.1,0,14,4.7,0,1,3.6,2.75,340.0,16.0
RPT-1543,2023-05-06 09:31:04.190,Tech District,pothole,46.2,0,2,5.5,1,1,4.4,2.84,411.0,9.0
RPT-1544,2023-06-04 04:50:01.708,Old Town,pothole,46.6,0,1,8.0,1,1,5.0,0.15,547.0,4.0
RPT-1545,2023-03-25 22:37:08.570,Uptown,vandalism,38.4,1,1,8.8,1,0,3.3,6.2,944.0,22.0
RPT-1546,2023-07-14 04:06:35.468,Old Town,pothole,50.6,0,3,3.9,0,0,4.6,2.56,310.0,4.0
RPT-1547,2024-09-18 19:15:03.899,Downtown,noise,2.9,0,3,5.4,0,0,3.9,4.4,572.0,19.0
RPT-1548,2024-12-11 17:36:07.209,Riverside,pothole,47.7,0,1,6.6,0,0,4.6,3.39,477.0,17.0
RPT-1549,2024-11-20 20:46:37.237,Old Town,noise,8.1,1,4,6.4,0,1,4.1,2.21,673.0,20.0
RPT-1550,2024-10-22 00:05:06.327,Uptown,pothole,50.3,0,1,7.7,0,0,4.1,6.24,644.0,0.0
RPT-1551,2024-02-05 14:00:58.573,Downtown,lighting,14.0,1,0,6.5,0,1,1.9,2.22,704.0,14.0
RPT-1552,2024-09-25 20:52:33.106,Old Town,pothole,49.9,0,2,5.0,0,0,4.2,1.99,403.0,20.0
RPT-1553,2023-08-24 10:34:51.764,Tech District,vandalism,36.2,1,0,10.0,0,0,3.6,5.28,980.0,10.0
RPT-1554,2024-12-04 18:39:28.915,Riverside,lighting,14.7,1,2,9.1,0,0,4.3,4.54,960.0,18.0
RPT-1555,2024-07-01 17:36:30.268,Old Town,pothole,50.4,0,0,4.7,0,1,3.6,5.7,420.0,17.0
RPT-1556,2024-03-03 11:40:04.007,Old Town,pothole,47.8,0,3,6.4,1,0,5.0,1.45,589.0,11.0
RPT-1557,2024-11-10 09:28:28.479,Uptown,noise,1.0,0,2,3.8,1,0,3.9,0.46,299.0,9.0
RPT-1558,2024-08-10 17:46:53.660,Riverside,lighting,8.5,0,0,2.5,1,0,5.0,3.42,215.0,17.0
RPT-1559,2023-12-18 09:22:52.440,Old Town,noise,1.7,0,3,3.6,0,0,4.2,5.14,351.0,9.0
RPT-1560,2023-01-11 17:39:29.746,Riverside,vandalism,35.7,1,4,9.4,0,0,4.6,3.74,945.0,17.0
RPT-1561,2023-05-22 21:13:29.264,Tech District,vandalism,27.3,0,3,6.9,0,1,4.2,0.0,617.0,21.0
RPT-1562,2023-11-23 01:16:46.103,Riverside,noise,6.8,1,2,6.5,0,0,3.5,3.96,706.0,1.0
RPT-1563,2023-02-22 19:43:26.424,Riverside,pothole,42.5,0,2,6.4,0,1,3.6,2.69,587.0,19.0
RPT-1564,2023-07-16 00:38:44.697,Uptown,pothole,46.2,0,2,5.3,1,0,4.2,3.61,514.0,0.0
RPT-1565,2023-12-03 06:52:29.879,Tech District,vandalism,35.0,1,1,10.0,1,0,3.1,1.31,970.0,6.0
RPT-1566,2024-12-23 22:31:07.698,Downtown,lighting,10.6,0,2,5.5,0,0,4.1,4.87,354.0,22.0
RPT-1567,2023-07-08 00:39:58.803,Old Town,lighting,19.9,0,3,6.0,1,1,4.3,3.02,508.0,0.0
RPT-1568,2023-01-20 12:29:06.042,Tech District,vandalism,18.8,0,2,7.4,0,0,3.4,1.06,597.0,12.0
RPT-1569,2023-02-24 21:27:14.387,Uptown,pothole,46.1,0,0,6.7,0,1,3.3,0.0,539.0,21.0
RPT-1570,2024-05-15 07:55:08.254,Tech District,noise,3.3,0,3,3.6,0,1,4.9,3.29,271.0,7.0
RPT-1571,2023-01-22 20:47:07.264,Downtown,noise,5.1,0,1,5.6,1,0,4.9,6.98,562.0,20.0
RPT-1572,2023-11-24 01:57:05.910,Tech District,noise,1.5,0,4,3.5,0,1,5.0,3.84,293.0,1.0
RPT-1573,2024-06-06 23:29:35.434,Old Town,pothole,72.0,1,3,6.7,0,1,2.6,5.87,718.0,23.0
RPT-1574,2024-04-07 05:12:15.828,Old Town,lighting,22.4,1,3,6.9,1,1,3.5,0.0,760.0,5.0
RPT-1575,2024-12-02 04:55:48.818,Downtown,noise,14.1,1,4,7.6,0,0,3.7,6.26,839.0,4.0
RPT-1576,2024-07-12 23:27:32.144,Tech District,vandalism,21.7,0,3,7.6,0,0,3.6,0.51,513.0,23.0
RPT-1577,2023-09-01 04:52:45.823,Uptown,noise,3.2,0,10,3.8,0,0,3.8,0.28,250.0,4.0
RPT-1578,2023-12-22 09:32:05.091,Uptown,noise,1.4,1,1,5.8,0,0,3.4,3.73,768.0,9.0
RPT-1579,2024-09-15 18:10:29.690,Downtown,lighting,7.5,0,3,3.8,1,0,4.4,2.08,313.0,18.0
RPT-1580,2024-12-02 00:22:46.598,Downtown,pothole,76.5,1,2,8.9,0,0,3.4,5.41,889.0,0.0
RPT-1581,2023-04-27 21:42:58.404,Downtown,lighting,11.0,0,1,4.2,0,0,3.3,4.63,445.0,21.0
RPT-1582,2023-07-10 09:55:23.380,Downtown,lighting,10.9,0,1,4.0,0,0,5.0,1.56,290.0,9.0
RPT-1583,2023-12-14 23:48:11.886,Uptown,lighting,8.3,0,4,4.7,0,1,3.8,3.09,288.0,23.0
RPT-1584,2023-04-29 14:31:19.027,Downtown,pothole,49.5,0,3,6.6,1,0,4.3,2.33,527.0,14.0
RPT-1585,2024-09-17 05:08:15.932,Old Town,pothole,71.7,1,3,7.1,0,0,4.2,6.4,747.0,5.0
RPT-1586,2023-06-12 16:27:07.427,Tech District,lighting,20.0,1,8,5.3,0,0,3.8,6.11,613.0,16.0
RPT-1587,2023-11-24 14:40:37.225,Tech District,noise,2.2,1,9,6.5,0,0,5.0,0.0,715.0,14.0
RPT-1588,2024-12-21 14:06:16.113,Uptown,lighting,12.1,0,1,3.0,1,1,3.3,2.78,209.0,14.0
RPT-1589,2024-11-15 11:42:46.172,Uptown,vandalism,25.0,0,3,9.6,0,0,4.6,6.72,817.0,11.0
RPT-1590,2024-05-15 17:28:04.813,Downtown,noise,10.2,0,7,1.0,0,0,3.7,3.45,1.0,17.0
RPT-1591,2023-09-06 00:24:55.956,Uptown,lighting,10.4,0,1,6.5,0,0,4.7,0.0,622.0,0.0
RPT-1592,2024-03-29 21:21:13.970,Old Town,vandalism,36.9,1,3,8.8,0,0,3.0,2.19,869.0,21.0
RPT-1593,2024-02-09 13:20:06.891,Tech District,pothole,43.7,0,4,4.6,0,0,5.0,0.21,429.0,13.0
RPT-1594,2024-12-12 08:06:44.222,Downtown,vandalism,25.0,0,0,7.8,0,0,5.0,4.89,648.0,8.0
RPT-1595,2023-07-27 18:25:39.229,Riverside,pothole,75.2,1,1,7.8,0,0,4.2,2.77,804.0,18.0
RPT-1596,2024-05-19 19:25:38.189,Uptown,lighting,13.6,0,1,6.3,1,1,3.4,0.0,514.0,19.0
RPT-1597,2024-03-27 08:37:54.097,Old Town,noise,6.8,0,2,3.9,0,0,4.4,0.0,295.0,8.0
RPT-1598,2024-02-29 15:19:43.956,Riverside,noise,8.4,0,2,5.9,0,0,4.5,1.31,477.0,15.0
RPT-1599,2024-09-30 08:52:36.442,Riverside,noise,3.6,0,4,5.5,0,0,4.6,2.07,364.0,8.0
RPT-1600,2024-05-25 20:13:54.608,Tech District,noise,5.9,0,16,1.6,1,0,4.0,5.36,157.0,20.0
RPT-1601,2024-11-15 17:39:56.360,Riverside,vandalism,17.9,0,12,8.7,0,0,5.0,2.01,671.0,17.0
RPT-1602,2024-03-06 00:12:41.044,Old Town,vandalism,39.4,1,0,10.0,0,0,3.6,1.81,973.0,0.0
RPT-1603,2023-04-25 11:11:54.894,Uptown,noise,8.0,0,2,5.8,0,0,5.0,4.69,522.0,11.0
RPT-1604,2024-03-22 16:21:28.118,Tech District,lighting,10.3,0,0,3.3,0,1,4.5,1.39,206.0,16.0
RPT-1605,2023-07-08 09:23:16.430,Tech District,noise,6.4,0,0,4.5,1,0,5.0,5.59,387.0,9.0
RPT-1606,2023-04-10 03:10:59.422,Old Town,vandalism,38.5,1,0,10.0,0,0,4.0,3.9,1000.0,3.0
RPT-1607,2023-03-07 18:04:29.205,Old Town,vandalism,19.9,0,2,6.2,0,0,4.4,1.31,523.0,18.0
RPT-1608,2023-01-06 13:42:55.993,Riverside,lighting,11.9,0,2,2.6,0,1,4.2,6.24,146.0,13.0
RPT-1609,2024-01-27 22:19:51.646,Uptown,noise,7.0,0,1,6.2,1,1,4.6,1.98,403.0,22.0
RPT-1610,2023-08-01 02:24:56.166,Riverside,lighting,18.7,1,1,6.9,0,0,4.2,0.0,767.0,2.0
RPT-1611,2023-05-11 02:08:49.198,Tech District,noise,4.4,0,2,5.0,0,0,4.4,4.32,396.0,2.0
RPT-1612,2024-02-11 10:33:25.457,Uptown,lighting,8.4,0,1,6.6,1,0,4.1,1.17,507.0,10.0
RPT-1613,2024-08-03 12:52:18.928,Downtown,vandalism,25.0,0,0,6.3,1,0,4.6,5.69,440.0,12.0
RPT-1614,2023-07-19 08:32:21.822,Tech District,pothole,77.9,1,7,8.6,0,0,3.5,1.9,896.0,8.0
RPT-1615,2024-12-14 21:41:44.047,Tech District,vandalism,38.8,1,2,10.0,1,0,4.5,0.82,1000.0,21.0
RPT-1616,2023-08-02 06:31:15.874,Riverside,noise,4.5,0,4,4.2,0,0,2.7,1.8,354.0,6.0
RPT-1617,2023-04-12 00:44:25.790,Old Town,lighting,13.8,0,1,5.6,0,0,4.0,5.79,489.0,0.0
RPT-1618,2024-12-18 00:28:08.649,Old Town,lighting,14.6,0,0,3.6,0,1,5.0,0.15,301.0,0.0
RPT-1619,2023-07-05 16:58:49.060,Tech District,pothole,47.1,0,2,4.7,0,0,4.4,4.58,347.0,16.0
RPT-1620,2023-01-15 16:33:34.830,Riverside,pothole,50.6,0,4,4.2,1,0,3.8,1.3,321.0,16.0
RPT-1621,2023-03-21 12:52:38.675,Uptown,vandalism,22.5,0,2,6.2,0,0,5.0,1.87,537.0,12.0
RPT-1622,2023-03-10 01:10:26.674,Old Town,pothole,48.6,0,4,4.5,0,0,3.6,4.09,428.0,1.0
RPT-1623,2023-06-21 13:06:20.676,Tech District,pothole,43.9,0,0,6.8,0,0,2.5,2.98,551.0,13.0
RPT-1624,2023-01-03 06:28:14.086,Downtown,lighting,17.2,1,4,8.9,0,0,2.6,6.66,875.0,6.0
RPT-1625,2023-10-18 11:19:57.795,Uptown,vandalism,22.0,0,2,10.0,0,0,3.8,3.11,784.0,11.0
RPT-1626,2024-05-24 21:27:36.742,Old Town,noise,8.4,0,0,1.0,0,1,5.0,1.83,163.0,21.0
RPT-1627,2023-09-18 10:07:06.073,Riverside,vandalism,22.8,0,2,7.0,0,0,3.6,5.19,581.0,10.0
RPT-1628,2023-03-29 17:41:49.312,Old Town,pothole,67.4,1,3,7.2,0,0,3.9,0.56,675.0,17.0
RPT-1629,2024-04-09 11:55:10.303,Old Town,vandalism,27.5,1,4,9.6,0,0,5.0,2.68,899.0,11.0
RPT-1630,2023-11-27 00:25:53.350,Tech District,vandalism,24.8,0,3,7.7,0,0,3.3,3.25,576.0,0.0
RPT-1631,2023-06-27 03:59:26.420,Riverside,lighting,11.3,0,3,4.5,0,1,3.3,3.4,380.0,3.0
RPT-1632,2023-04-03 07:04:45.437,Uptown,vandalism,37.7,1,0,6.1,0,1,4.0,0.0,712.0,7.0
RPT-1633,2024-05-26 23:18:21.249,Downtown,lighting,8.8,0,3,6.3,1,0,4.4,2.54,475.0,23.0
RPT-1634,2024-08-22 17:53:37.709,Downtown,lighting,16.4,0,12,4.0,0,0,3.7,0.0,256.0,17.0
RPT-1635,2023-02-16 23:11:23.294,Riverside,vandalism,32.3,1,0,10.0,0,1,3.9,2.62,990.0,23.0
RPT-1636,2023-10-06 20:43:18.023,Old Town,lighting,13.5,0,13,6.9,0,1,3.0,4.92,616.0,20.0
RPT-1637,2024-10-27 07:30:48.471,Riverside,lighting,16.1,1,3,6.9,1,0,4.7,3.98,779.0,7.0
RPT-1638,2024-02-22 21:36:11.341,Old Town,lighting,13.7,0,3,4.2,0,0,4.3,0.64,429.0,21.0
RPT-1639,2024-03-15 04:15:31.414,Downtown,noise,10.4,1,0,7.1,0,0,3.6,5.01,793.0,4.0
RPT-1640,2024-04-01 14:33:25.859,Riverside,noise,7.6,1,2,5.5,0,0,3.5,6.99,635.0,14.0
RPT-1641,2024-06-12 06:28:15.709,Downtown,lighting,16.8,0,14,5.2,0,0,4.1,0.83,433.0,6.0
RPT-1642,2023-08-13 01:27:23.044,Old Town,lighting,12.1,0,15,5.8,1,1,3.1,4.4,489.0,1.0
RPT-1643,2023-09-08 21:32:02.916,Riverside,noise,9.0,1,4,9.0,0,0,5.0,2.67,878.0,21.0
RPT-1644,2023-11-05 20:03:13.382,Uptown,pothole,49.8,0,0,6.4,1,1,3.8,3.59,437.0,20.0
RPT-1645,2023-05-20 05:19:58.531,Tech District,pothole,51.8,0,12,8.2,1,1,3.4,3.52,707.0,5.0
RPT-1646,2023-10-30 13:36:58.367,Downtown,noise,4.4,0,9,2.5,0,0,3.9,3.53,268.0,13.0
RPT-1647,2023-05-14 15:20:30.518,Tech District,lighting,12.1,0,4,5.0,1,0,5.0,0.81,241.0,15.0
RPT-1648,2023-06-23 05:32:12.270,Downtown,lighting,12.8,0,15,5.4,0,1,5.0,2.39,468.0,5.0
RPT-1649,2023-10-18 14:43:16.851,Downtown,lighting,10.0,0,2,3.7,0,0,3.8,0.0,276.0,14.0
RPT-1650,2024-05-13 11:07:13.575,Downtown,noise,4.8,0,2,3.8,0,0,4.6,2.89,234.0,11.0
RPT-1651,2024-12-10 10:10:57.364,Tech District,noise,2.9,0,1,2.9,0,0,4.7,5.85,211.0,10.0
RPT-1652,2023-09-21 15:42:15.389,Riverside,noise,7.3,0,2,1.1,0,0,3.9,3.83,70.0,15.0
RPT-1653,2023-07-02 13:35:24.831,Old Town,vandalism,38.6,1,3,10.0,1,1,2.4,4.36,990.0,13.0
RPT-1654,2023-01-24 07:27:35.273,Riverside,pothole,42.9,0,3,6.5,0,0,3.9,3.29,522.0,7.0
RPT-1655,2024-12-10 00:58:06.314,Old Town,noise,9.5,0,1,2.7,0,1,3.0,3.5,296.0,0.0
RPT-1656,2023-10-19 22:26:12.118,Riverside,vandalism,35.4,1,4,8.7,0,0,3.1,3.96,764.0,22.0
RPT-1657,2024-11-13 09:08:04.306,Downtown,vandalism,31.6,0,4,7.0,0,0,4.5,2.45,573.0,9.0
RPT-1658,2024-02-18 02:36:53.116,Old Town,pothole,68.9,1,1,6.8,1,0,1.4,2.39,717.0,2.0
RPT-1659,2023-08-29 13:09:28.545,Uptown,pothole,72.5,1,3,7.3,0,0,3.1,4.74,699.0,13.0
RPT-1660,2024-01-05 05:36:54.628,Tech District,lighting,11.1,0,1,4.6,0,0,4.7,4.23,330.0,5.0
RPT-1661,2023-05-05 09:07:04.732,Old Town,vandalism,22.8,0,9,9.8,0,0,4.7,3.34,803.0,9.0
RPT-1662,2024-01-13 18:31:54.191,Tech District,noise,3.6,0,2,3.1,1,0,3.6,6.22,259.0,18.0
RPT-1663,2023-12-17 08:21:26.899,Tech District,lighting,13.9,0,0,3.5,1,1,2.9,2.99,247.0,8.0
RPT-1664,2024-04-12 21:00:12.562,Riverside,noise,4.2,0,3,2.5,0,1,3.1,0.1,219.0,21.0
RPT-1665,2024-05-16 03:54:26.486,Downtown,pothole,46.7,0,15,4.8,0,0,4.0,1.21,399.0,3.0
RPT-1666,2023-06-06 23:01:12.382,Riverside,noise,11.5,1,2,3.2,0,0,4.4,2.25,523.0,23.0
RPT-1667,2024-07-06 03:52:18.147,Tech District,pothole,75.9,1,3,10.0,1,1,3.7,4.17,1000.0,3.0
RPT-1668,2023-02-25 04:54:10.898,Tech District,lighting,19.3,1,1,6.2,1,0,2.5,2.71,750.0,4.0
RPT-1669,2023-11-03 21:04:13.490,Riverside,pothole,65.4,1,3,8.0,0,0,4.5,4.97,769.0,21.0
RPT-1670,2024-10-21 07:12:02.741,Uptown,pothole,49.8,0,0,6.7,0,1,5.0,5.4,473.0,7.0
RPT-1671,2023-05-23 16:31:51.277,Old Town,lighting,20.4,1,2,7.4,0,0,4.5,4.58,840.0,16.0
RPT-1672,2024-01-28 19:18:03.571,Tech District,lighting,13.0,0,19,2.9,1,0,4.6,2.74,272.0,19.0
RPT-1673,2023-02-26 14:31:33.767,Riverside,pothole,46.8,0,2,5.6,1,1,5.0,2.41,520.0,14.0
RPT-1674,2024-06-26 03:48:56.255,Tech District,lighting,16.6,0,2,4.9,0,0,4.6,0.0,366.0,3.0
RPT-1675,2023-03-10 09:59:12.120,Uptown,lighting,15.4,0,2,5.4,0,0,4.1,4.13,513.0,9.0
RPT-1676,2024-06-23 16:44:54.378,Riverside,noise,4.3,0,3,4.1,1,1,4.1,4.13,295.0,16.0
RPT-1677,2023-11-22 22:02:24.729,Old Town,noise,4.9,0,0,4.5,0,0,5.0,0.0,362.0,22.0
RPT-1678,2023-02-01 18:26:41.982,Uptown,lighting,9.9,0,1,5.8,0,0,3.4,1.34,531.0,18.0
RPT-1679,2023-07-06 09:27:25.933,Uptown,pothole,51.9,0,16,8.4,0,0,4.8,3.02,660.0,9.0
RPT-1680,2023-01-17 09:18:46.475,Uptown,pothole,72.2,1,6,7.2,0,0,2.2,2.58,652.0,9.0
RPT-1681,2024-06-22 14:15:30.982,Riverside,vandalism,31.0,1,2,10.0,1,0,3.5,0.53,1000.0,14.0
RPT-1682,2023-12-26 18:55:23.142,Old Town,vandalism,38.2,1,4,10.0,0,0,3.3,0.0,1000.0,18.0
RPT-1683,2023-01-11 20:58:06.684,Uptown,noise,11.2,0,2,3.7,0,0,3.5,4.66,349.0,20.0
RPT-1684,2024-12-18 04:21:30.988,Uptown,pothole,41.8,0,4,6.0,0,0,3.9,4.48,486.0,4.0
RPT-1685,2023-06-25 20:47:37.981,Riverside,noise,1.0,0,1,5.4,1,1,3.9,0.46,410.0,20.0
RPT-1686,2024-04-07 00:57:11.285,Riverside,pothole,42.3,0,5,4.1,1,0,3.9,0.0,289.0,0.0
RPT-1687,2024-05-05 03:54:11.297,Downtown,vandalism,38.7,1,21,8.5,1,1,3.6,3.17,826.0,3.0
RPT-1688,2023-02-06 13:27:28.845,Riverside,lighting,20.9,1,2,10.0,0,0,4.5,3.37,1000.0,13.0
RPT-1689,2024-12-06 03:19:18.871,Old Town,vandalism,23.2,0,1,7.3,0,0,4.1,0.45,542.0,3.0
RPT-1690,2023-03-14 06:39:47.148,Tech District,lighting,12.9,0,2,5.2,0,0,3.6,3.14,467.0,6.0
RPT-1691,2023-04-27 17:58:22.049,Old Town,lighting,13.5,0,5,3.4,0,0,4.3,2.04,398.0,17.0
RPT-1692,2024-07-02 07:24:58.838,Tech District,noise,7.4,1,3,3.9,0,0,2.2,4.63,442.0,7.0
RPT-1693,2024-03-13 10:25:10.617,Downtown,lighting,10.7,0,1,4.6,0,0,4.1,4.38,333.0,10.0
RPT-1694,2024-03-03 18:33:01.390,Old Town,noise,4.2,0,0,4.0,1,0,4.7,4.33,303.0,18.0
RPT-1695,2023-12-10 19:12:02.395,Tech District,pothole,48.4,0,4,6.7,1,0,4.8,1.62,503.0,19.0
RPT-1696,2024-01-19 14:11:07.088,Riverside,lighting,10.3,0,0,5.8,0,0,3.9,5.12,473.0,14.0
RPT-1697,2023-09-09 14:02:29.170,Riverside,lighting,15.6,0,2,4.8,1,0,4.0,4.49,400.0,14.0
RPT-1698,2023-05-27 04:49:56.055,Downtown,pothole,54.8,0,3,4.7,1,0,3.5,2.98,382.0,4.0
RPT-1699,2023-01-31 17:03:36.781,Old Town,vandalism,32.8,0,1,8.4,0,1,2.5,2.82,672.0,17.0
RPT-1700,2023-06-24 11:40:24.180,Downtown,vandalism,26.4,0,1,9.5,1,0,3.6,0.74,775.0,11.0
RPT-1701,2023-11-05 12:02:03.089,Downtown,noise,3.7,1,12,6.8,1,0,4.9,0.4,651.0,12.0
RPT-1702,2024-10-14 01:20:08.919,Tech District,pothole,47.6,0,7,6.0,0,0,4.6,3.45,440.0,1.0
RPT-1703,2023-08-08 01:49:10.677,Tech District,noise,1.0,0,4,2.6,0,1,5.0,1.73,205.0,1.0
RPT-1704,2023-06-01 10:20:25.023,Riverside,lighting,13.7,0,2,4.1,0,1,4.5,4.24,298.0,10.0
RPT-1705,2024-09-13 23:08:52.947,Uptown,pothole,71.0,1,2,10.0,0,0,4.2,5.32,974.0,23.0
RPT-1706,2024-11-28 22:39:45.324,Tech District,lighting,8.9,0,0,5.1,0,1,4.8,3.12,446.0,22.0
RPT-1707,2024-09-13 00:19:50.073,Downtown,lighting,10.8,0,2,5.4,0,0,3.8,1.97,372.0,0.0
RPT-1708,2023-01-30 16:15:22.223,Old Town,noise,10.4,0,0,4.0,0,0,3.9,0.0,386.0,16.0
RPT-1709,2023-03-09 13:30:58.170,Old Town,noise,5.5,0,11,6.7,0,0,4.6,0.89,523.0,13.0
RPT-1710,2023-09-22 05:38:06.281,Downtown,vandalism,24.9,0,3,10.0,0,0,4.1,1.32,837.0,5.0
RPT-1711,2023-04-17 08:20:53.974,Tech District,vandalism,38.0,1,2,10.0,0,0,3.3,3.62,1000.0,8.0
RPT-1712,2023-11-26 08:55:16.979,Tech District,pothole,46.8,0,1,8.2,1,1,3.0,1.99,615.0,8.0
RPT-1713,2024-10-06 07:31:45.002,Uptown,pothole,70.8,1,2,10.0,1,1,2.9,3.54,1000.0,7.0
RPT-1714,2024-04-16 02:18:49.060,Old Town,noise,11.1,1,1,4.8,0,0,4.4,1.9,517.0,2.0
RPT-1715,2024-11-26 00:17:08.014,Riverside,vandalism,38.2,1,3,9.4,0,0,4.1,0.06,888.0,0.0
RPT-1716,2023-12-04 05:47:56.553,Uptown,vandalism,21.7,0,2,8.1,0,1,4.4,5.71,689.0,5.0
RPT-1717,2024-10-15 21:08:08.672,Uptown,vandalism,39.7,1,2,10.0,0,0,3.9,0.01,954.0,21.0
RPT-1718,2023-09-22 14:19:44.748,Old Town,noise,11.5,1,4,5.7,0,0,4.1,1.04,670.0,14.0
RPT-1719,2023-11-18 07:09:11.474,Riverside,noise,5.8,0,1,1.7,1,0,3.9,4.95,98.0,7.0
RPT-1720,2024-03-03 00:56:02.468,Old Town,lighting,17.7,0,0,2.8,1,0,3.7,2.48,148.0,0.0
RPT-1721,2024-01-31 03:52:07.074,Riverside,noise,4.3,0,2,5.0,0,0,4.3,3.35,351.0,3.0
RPT-1722,2023-02-20 22:41:54.087,Tech District,lighting,11.8,0,2,6.7,0,0,4.6,0.0,509.0,22.0
RPT-1723,2024-04-03 00:51:39.102,Uptown,lighting,17.2,1,0,8.8,0,0,3.4,0.99,855.0,0.0
RPT-1724,2023-12-27 00:40:47.196,Downtown,pothole,71.1,1,4,8.5,0,1,3.2,4.54,827.0,0.0
RPT-1725,2024-04-22 04:37:23.138,Riverside,noise,6.3,0,1,3.5,0,1,5.0,2.45,169.0,4.0
RPT-1726,2024-09-07 09:38:24.709,Tech District,noise,1.0,0,7,4.1,1,0,2.9,1.19,237.0,9.0
RPT-1727,2023-09-29 19:15:30.592,Tech District,noise,6.7,1,2,5.0,0,0,3.5,2.53,583.0,19.0
RPT-1728,2024-08-22 11:27:32.397,Old Town,vandalism,28.7,1,3,8.1,0,0,4.4,1.56,842.0,11.0
RPT-1729,2024-08-20 14:40:16.844,Uptown,lighting,22.3,1,0,7.6,0,0,4.1,8.14,695.0,14.0
RPT-1730,2023-05-30 20:27:18.899,Riverside,lighting,13.8,0,1,4.2,0,0,3.5,6.37,378.0,20.0
RPT-1731,2024-11-19 21:27:27.635,Riverside,noise,7.6,1,11,4.4,0,0,3.8,2.29,487.0,21.0
RPT-1732,2024-05-05 03:12:14.213,Downtown,lighting,18.5,0,0,3.3,1,0,4.3,3.3,193.0,3.0
RPT-1733,2023-10-09 19:31:56.638,Old Town,lighting,14.4,0,2,5.1,0,0,3.6,1.28,329.0,19.0
RPT-1734,2023-02-02 00:10:09.552,Uptown,pothole,48.9,0,2,4.1,0,0,3.0,5.3,317.0,0.0
RPT-1735,2024-08-03 09:33:37.667,Tech District,pothole,75.4,1,1,6.9,1,0,4.2,1.58,784.0,9.0
RPT-1736,2024-08-21 00:37:47.484,Uptown,vandalism,22.9,0,3,5.0,0,0,4.2,0.62,446.0,0.0
RPT-1737,2024-08-13 09:13:07.219,Tech District,vandalism,35.7,1,4,7.8,0,0,3.2,0.37,863.0,9.0
RPT-1738,2024-11-23 12:18:17.060,Old Town,pothole,49.3,0,3,6.5,1,0,3.6,1.09,499.0,12.0
RPT-1739,2023-07-07 16:30:03.562,Riverside,lighting,8.6,0,4,5.5,0,1,3.1,2.12,445.0,16.0
RPT-1740,2023-11-09 00:01:34.738,Uptown,pothole,53.1,0,3,4.3,0,0,3.4,2.59,342.0,0.0
RPT-1741,2024-12-13 14:14:50.444,Downtown,noise,7.0,0,13,5.4,0,0,3.7,3.78,473.0,14.0
RPT-1742,2023-07-14 14:18:02.063,Downtown,noise,5.3,0,1,3.1,0,0,4.5,2.41,117.0,14.0
RPT-1743,2023-07-02 15:33:47.615,Old Town,noise,1.1,0,0,3.3,1,1,5.0,6.92,286.0,15.0
RPT-1744,2024-07-28 17:27:31.199,Uptown,noise,5.2,0,3,4.1,1,0,3.6,2.23,307.0,17.0
RPT-1745,2024-02-08 03:08:10.103,Riverside,vandalism,39.1,1,2,9.1,0,0,3.6,5.42,815.0,3.0
RPT-1746,2024-08-25 04:08:25.514,Uptown,pothole,52.7,0,2,5.4,1,0,4.3,0.24,407.0,4.0
RPT-1747,2023-07-09 04:29:18.559,Riverside,lighting,14.5,0,2,3.8,1,1,3.6,6.6,346.0,4.0
RPT-1748,2024-01-18 14:58:18.975,Old Town,lighting,11.2,0,14,6.0,0,0,4.6,2.16,445.0,14.0
RPT-1749,2023-06-25 20:52:00.291,Uptown,lighting,15.7,0,2,3.9,1,0,3.7,4.51,281.0,20.0
RPT-1750,2024-01-22 14:36:38.911,Tech District,noise,2.4,0,2,3.1,0,0,4.0,1.71,264.0,14.0
RPT-1751,2024-03-07 04:00:49.747,Riverside,lighting,16.9,0,5,5.0,0,1,4.3,3.88,354.0,4.0
RPT-1752,2024-09-22 01:26:36.533,Tech District,vandalism,37.9,1,3,7.6,1,1,4.9,0.0,864.0,1.0
RPT-1753,2024-08-09 14:58:54.056,Riverside,vandalism,25.9,0,2,7.7,0,0,4.7,2.87,543.0,14.0
RPT-1754,2024-03-31 03:33:06.988,Old Town,lighting,12.2,0,3,6.6,1,1,3.7,4.49,529.0,3.0
RPT-1755,2024-09-03 21:27:02.559,Tech District,pothole,50.1,0,2,6.4,0,1,4.3,0.57,511.0,21.0
RPT-1756,2023-03-18 19:34:22.502,Riverside,noise,3.6,0,2,2.3,1,0,3.1,3.03,279.0,19.0
RPT-1757,2023-04-01 06:33:03.257,Downtown,noise,10.6,1,3,5.0,1,0,1.3,5.37,677.0,6.0
RPT-1758,2024-06-24 06:25:53.328,Tech District,vandalism,34.3,1,0,9.6,0,0,3.7,4.0,951.0,6.0
RPT-1759,2024-08-21 05:09:12.653,Uptown,noise,2.3,0,2,4.6,0,1,4.0,3.23,390.0,5.0
RPT-1760,2024-12-22 14:50:03.305,Old Town,vandalism,23.4,0,0,7.8,1,0,4.6,2.35,704.0,14.0
RPT-1761,2023-02-13 08:09:39.133,Tech District,pothole,46.1,0,2,7.3,0,0,4.2,4.32,672.0,8.0
RPT-1762,2024-12-12 10:00:58.570,Downtown,lighting,15.1,0,2,5.1,0,0,3.5,0.63,403.0,10.0
RPT-1763,2023-06-30 06:25:32.336,Old Town,noise,5.5,0,2,6.6,0,0,4.1,3.66,575.0,6.0
RPT-1764,2024-09-04 20:33:42.689,Old Town,lighting,9.6,0,1,5.6,0,0,3.6,4.73,455.0,20.0
RPT-1765,2024-04-27 13:11:33.662,Uptown,vandalism,36.9,1,2,10.0,1,1,4.0,2.36,1000.0,13.0
RPT-1766,2024-11-23 14:59:40.789,Old Town,pothole,48.2,0,2,8.0,1,0,3.7,6.14,712.0,14.0
RPT-1767,2024-11-21 18:16:23.453,Riverside,noise,7.8,0,1,3.8,0,1,5.0,1.25,263.0,18.0
RPT-1768,2024-12-24 07:16:03.070,Riverside,lighting,15.0,0,12,4.9,0,0,4.4,2.98,356.0,7.0
RPT-1769,2024-03-02 09:18:59.615,Riverside,pothole,74.0,1,1,10.0,1,0,3.1,1.55,1000.0,9.0
RPT-1770,2023-07-16 03:51:16.213,Tech District,pothole,72.5,1,2,9.1,1,0,3.0,8.65,862.0,3.0
RPT-1771,2024-03-06 12:41:23.569,Tech District,pothole,48.1,0,2,6.8,0,1,4.6,3.11,487.0,12.0
RPT-1772,2024-01-13 13:33:48.153,Old Town,lighting,10.3,0,2,3.9,1,0,3.2,2.66,315.0,13.0
RPT-1773,2023-11-18 22:22:54.078,Downtown,lighting,6.8,0,1,7.6,1,0,4.6,2.2,570.0,22.0
RPT-1774,2023-02-11 14:09:55.433,Riverside,lighting,11.7,0,0,5.9,1,0,3.7,2.85,371.0,14.0
RPT-1775,2023-06-09 20:40:59.448,Riverside,noise,6.6,0,4,4.1,0,0,3.4,4.71,347.0,20.0
RPT-1776,2023-09-17 13:24:30.992,Uptown,lighting,13.2,0,4,4.4,1,1,3.7,3.15,270.0,13.0
RPT-1777,2023-06-10 09:46:43.916,Tech District,pothole,70.9,1,8,8.5,1,1,1.6,0.26,824.0,9.0
RPT-1778,2024-01-22 13:11:49.060,Downtown,noise,5.3,0,15,4.5,0,0,5.0,2.62,331.0,13.0
RPT-1779,2024-12-04 05:20:32.496,Tech District,lighting,11.2,0,11,5.5,0,0,3.4,3.04,366.0,5.0
RPT-1780,2023-07-03 09:07:06.261,Downtown,noise,1.0,0,3,4.6,0,0,4.2,1.05,365.0,9.0
RPT-1781,2023-11-28 19:19:54.964,Downtown,lighting,8.3,0,2,2.5,0,0,3.8,4.93,166.0,19.0
RPT-1782,2024-06-24 18:09:23.173,Tech District,vandalism,18.3,0,1,8.4,0,1,3.6,6.95,594.0,18.0
RPT-1783,2024-01-07 14:28:10.788,Downtown,pothole,80.5,1,1,8.1,1,1,3.0,1.43,878.0,14.0
RPT-1784,2023-01-15 22:56:10.291,Uptown,lighting,7.8,0,4,5.5,1,0,4.6,7.2,433.0,22.0
RPT-1785,2024-03-13 21:07:36.891,Uptown,pothole,49.8,0,3,3.6,0,0,2.2,3.59,294.0,21.0
RPT-1786,2023-10-08 03:53:37.354,Tech District,vandalism,35.1,1,2,9.8,1,0,3.8,4.39,1000.0,3.0
RPT-1787,2024-10-14 14:49:26.313,Uptown,lighting,5.5,0,3,3.1,0,0,4.5,3.58,281.0,14.0
RPT-1788,2024-01-16 05:15:26.560,Old Town,vandalism,33.7,1,1,10.0,0,0,3.5,1.36,1000.0,5.0
RPT-1789,2023-08-11 03:39:26.241,Riverside,noise,1.0,0,0,2.1,0,0,4.0,3.07,181.0,3.0
RPT-1790,2023-06-03 06:14:44.417,Old Town,lighting,8.7,0,5,6.8,1,0,5.0,1.11,455.0,6.0
RPT-1791,2024-10-02 09:12:28.791,Riverside,noise,8.4,1,8,4.3,0,1,4.2,3.37,522.0,9.0
RPT-1792,2024-12-02 08:02:23.308,Old Town,noise,1.0,0,1,6.2,0,0,4.5,0.61,421.0,8.0
RPT-1793,2023-04-05 21:35:15.563,Riverside,pothole,41.6,0,2,4.2,0,1,4.5,1.22,367.0,21.0
RPT-1794,2023-09-02 10:32:32.287,Old Town,lighting,9.3,0,2,7.4,1,0,4.0,1.74,654.0,10.0
RPT-1795,2023-06-03 10:50:27.593,Riverside,lighting,15.7,0,11,4.1,1,0,3.7,1.69,293.0,10.0
RPT-1796,2023-04-14 01:00:11.659,Uptown,lighting,10.0,0,1,4.4,0,0,4.5,1.18,415.0,1.0
RPT-1797,2023-10-24 09:09:17.587,Riverside,pothole,45.1,0,7,6.1,0,0,3.4,0.0,465.0,9.0
RPT-1798,2024-05-27 00:52:19.793,Old Town,lighting,14.9,0,3,5.4,0,1,4.1,0.0,467.0,0.0
RPT-1799,2024-11-27 12:14:16.142,Uptown,pothole,47.3,0,2,6.7,0,0,5.0,0.0,590.0,12.0
RPT-1800,2023-04-26 17:16:28.896,Old Town,lighting,12.1,0,2,6.6,0,0,2.6,1.65,518.0,17.0
RPT-1801,2024-10-15 20:06:01.753,Uptown,noise,1.7,0,3,4.2,0,0,4.6,2.76,340.0,20.0
RPT-1802,2024-08-16 19:35:43.597,Riverside,lighting,7.0,0,2,3.4,0,1,4.7,0.8,334.0,19.0
RPT-1803,2024-12-02 11:20:26.735,Old Town,noise,5.5,0,0,4.2,0,1,3.3,2.77,366.0,11.0
RPT-1804,2023-09-30 15:56:16.155,Tech District,lighting,15.0,0,3,2.6,1,0,4.4,1.21,179.0,15.0
RPT-1805,2024-04-14 11:49:08.190,Uptown,lighting,14.5,0,2,5.2,1,0,2.3,6.35,438.0,11.0
RPT-1806,2023-08-04 16:00:27.314,Riverside,noise,11.2,1,3,3.6,0,0,3.5,0.0,512.0,16.0
RPT-1807,2024-12-11 04:38:00.238,Downtown,noise,7.5,0,2,2.1,0,0,3.9,3.27,135.0,4.0
RPT-1808,2024-06-29 22:25:59.578,Riverside,pothole,50.1,0,4,5.2,1,0,3.5,7.21,417.0,22.0
RPT-1809,2023-03-26 16:18:55.903,Tech District,pothole,43.9,0,4,6.0,1,0,5.0,2.78,461.0,16.0
RPT-1810,2023-05-03 00:51:23.677,Downtown,noise,4.0,1,1,6.2,0,0,3.7,0.6,718.0,0.0
RPT-1811,2024-08-05 14:48:18.303,Old Town,noise,5.7,0,3,4.1,0,0,3.4,1.34,416.0,14.0
RPT-1812,2024-01-10 10:24:01.458,Old Town,noise,5.5,0,0,6.6,0,0,4.5,2.21,554.0,10.0
RPT-1813,2023-08-14 02:25:01.409,Riverside,lighting,12.9,0,0,6.4,0,0,3.2,3.61,450.0,2.0
RPT-1814,2023-02-03 00:46:06.412,Tech District,pothole,71.1,1,9,9.0,0,0,2.3,5.29,886.0,0.0
RPT-1815,2023-01-15 12:11:03.711,Riverside,noise,1.9,0,17,3.5,1,1,2.9,5.28,238.0,12.0
RPT-1816,2024-05-07 23:48:02.413,Old Town,vandalism,35.8,1,2,10.0,0,0,3.6,6.91,1000.0,23.0
RPT-1817,2024-05-04 23:37:46.453,Riverside,vandalism,36.9,1,4,9.5,1,0,3.6,5.14,884.0,23.0
RPT-1818,2024-09-08 19:05:56.068,Downtown,noise,1.0,0,1,3.1,1,0,4.6,1.22,176.0,19.0
RPT-1819,2023-11-16 06:50:51.551,Downtown,noise,5.2,0,2,4.9,0,0,4.8,4.66,440.0,6.0
RPT-1820,2023-06-25 21:25:26.498,Downtown,lighting,11.2,0,1,8.1,1,0,5.0,4.13,535.0,21.0
RPT-1821,2024-07-20 08:40:50.337,Riverside,noise,7.5,1,2,5.5,1,0,4.2,3.68,715.0,8.0
RPT-1822,2023-09-23 12:13:56.840,Downtown,vandalism,24.2,0,4,9.5,1,0,5.0,4.21,714.0,12.0
RPT-1823,2024-01-07 18:34:54.182,Uptown,noise,4.9,0,3,3.5,1,0,4.6,4.33,287.0,18.0
RPT-1824,2023-10-08 15:32:29.114,Uptown,lighting,9.5,0,2,7.6,1,0,3.1,5.67,685.0,15.0
RPT-1825,2024-05-01 00:48:22.527,Old Town,lighting,19.0,1,2,5.1,0,0,3.0,1.47,603.0,0.0
RPT-1826,2024-03-03 03:16:59.324,Uptown,vandalism,35.6,1,3,10.0,1,0,3.8,3.49,1000.0,3.0
RPT-1827,2024-03-25 05:20:38.182,Tech District,vandalism,23.6,0,2,8.3,0,0,3.6,1.82,675.0,5.0
RPT-1828,2024-02-07 11:35:37.655,Uptown,lighting,8.6,0,2,5.5,0,0,3.3,3.71,396.0,11.0
RPT-1829,2023-03-04 19:00:47.734,Uptown,pothole,51.2,0,1,4.9,1,0,4.5,0.0,369.0,19.0
RPT-1830,2024-03-20 00:50:44.628,Old Town,noise,2.5,0,3,5.3,0,0,4.0,1.46,471.0,0.0
RPT-1831,2024-10-12 06:05:04.635,Riverside,pothole,51.8,0,2,6.5,1,0,3.8,6.74,521.0,6.0
RPT-1832,2023-04-21 12:06:13.536,Old Town,noise,2.6,0,1,2.3,0,0,5.0,1.86,186.0,12.0
RPT-1833,2023-11-07 02:51:20.217,Old Town,noise,7.9,0,1,4.0,0,1,4.7,4.18,308.0,2.0
RPT-1834,2023-10-31 18:36:01.280,Downtown,lighting,12.2,0,1,4.4,0,1,5.0,1.23,313.0,18.0
RPT-1835,2024-12-21 18:55:39.477,Uptown,pothole,45.4,0,0,4.9,1,0,3.9,3.63,363.0,18.0
RPT-1836,2024-04-27 02:01:24.375,Old Town,vandalism,22.7,0,0,9.0,1,1,4.1,1.16,724.0,2.0
RPT-1837,2024-10-26 14:17:28.776,Tech District,pothole,43.3,0,3,4.1,1,0,3.0,6.16,297.0,14.0
RPT-1838,2024-05-19 15:22:45.616,Downtown,lighting,15.4,0,3,4.8,1,1,3.9,0.36,400.0,15.0
RPT-1839,2024-06-14 17:01:08.322,Riverside,lighting,11.2,0,1,7.4,0,0,4.9,4.93,576.0,17.0
RPT-1840,2024-05-14 14:35:35.593,Downtown,noise,1.0,0,0,6.9,0,1,5.0,2.71,608.0,14.0
RPT-1841,2024-04-27 14:42:47.789,Uptown,lighting,13.2,0,1,6.5,1,0,4.7,2.92,425.0,14.0
RPT-1842,2023-06-06 12:07:16.658,Tech District,vandalism,30.6,1,1,7.6,0,1,2.3,5.05,744.0,12.0
RPT-1843,2023-04-08 04:20:40.979,Riverside,vandalism,19.9,0,0,10.0,1,0,5.0,0.68,879.0,4.0
RPT-1844,2023-09-04 23:04:09.778,Downtown,noise,3.8,0,0,4.2,0,0,5.0,0.0,310.0,23.0
RPT-1845,2023-03-07 13:22:14.489,Downtown,noise,6.7,0,1,2.4,0,0,4.0,5.84,192.0,13.0
RPT-1846,2023-06-01 21:57:01.121,Downtown,noise,3.6,0,3,1.0,0,0,4.4,4.93,43.0,21.0
RPT-1847,2024-12-22 00:55:52.062,Tech District,pothole,45.4,0,1,5.3,1,0,5.0,5.09,422.0,0.0
RPT-1848,2023-08-14 14:33:54.006,Uptown,vandalism,39.1,1,0,6.4,0,1,2.9,3.72,701.0,14.0
RPT-1849,2024-09-13 19:32:43.026,Uptown,noise,2.2,0,2,5.0,0,0,3.8,3.74,424.0,19.0
RPT-1850,2024-02-29 01:45:01.438,Tech District,noise,6.2,0,3,3.4,0,1,4.2,0.89,181.0,1.0
RPT-1851,2024-06-13 15:32:25.605,Old Town,noise,8.3,0,2,2.5,0,1,3.9,5.83,238.0,15.0
RPT-1852,2023-01-30 14:00:08.165,Tech District,noise,4.5,0,1,4.5,0,0,3.7,3.28,363.0,14.0
RPT-1853,2024-10-18 15:51:03.771,Riverside,pothole,74.9,1,2,6.8,0,0,3.2,7.78,705.0,15.0
RPT-1854,2024-06-04 11:35:38.957,Uptown,noise,7.3,1,3,5.3,0,1,3.5,4.82,664.0,11.0
RPT-1855,2023-07-31 23:57:11.113,Downtown,pothole,50.7,0,13,4.4,0,0,4.8,5.9,336.0,23.0
RPT-1856,2024-04-24 19:19:19.286,Uptown,pothole,47.3,0,3,8.2,0,0,3.5,0.73,638.0,19.0
RPT-1857,2024-07-10 13:09:51.835,Tech District,pothole,70.2,1,1,9.4,0,0,4.4,0.0,1000.0,13.0
RPT-1858,2024-09-23 09:35:29.479,Downtown,pothole,69.6,1,1,9.3,0,0,3.4,5.42,882.0,9.0
RPT-1859,2023-02-12 17:31:45.794,Old Town,lighting,13.8,0,4,5.0,1,0,5.0,3.81,422.0,17.0
RPT-1860,2024-02-22 19:01:03.708,Downtown,pothole,43.7,0,2,5.3,0,0,5.0,3.22,489.0,19.0
RPT-1861,2023-02-01 14:39:49.311,Old Town,lighting,7.9,0,1,4.8,0,0,4.3,4.38,361.0,14.0
RPT-1862,2024-08-06 10:55:47.765,Old Town,vandalism,24.4,0,2,7.9,0,0,3.9,6.62,646.0,10.0
RPT-1863,2024-08-14 15:51:22.845,Tech District,vandalism,22.3,0,0,7.8,0,0,4.1,3.06,627.0,15.0
RPT-1864,2023-08-18 01:30:51.548,Downtown,noise,3.7,0,1,5.9,0,1,5.0,0.92,404.0,1.0
RPT-1865,2024-08-08 19:48:20.645,Riverside,vandalism,38.2,1,3,6.9,0,0,3.3,7.29,674.0,19.0
RPT-1866,2023-03-19 02:06:46.529,Uptown,noise,1.0,0,3,1.8,1,1,5.0,6.57,131.0,2.0
RPT-1867,2024-05-18 06:40:17.585,Old Town,lighting,5.1,0,1,4.6,1,0,4.0,5.24,431.0,6.0
RPT-1868,2023-07-15 02:23:01.453,Tech District,pothole,71.5,1,4,9.6,1,0,3.3,0.33,1000.0,2.0
RPT-1869,2024-06-13 15:55:32.548,Tech District,vandalism,25.0,0,2,8.7,0,1,5.0,2.95,624.0,15.0
RPT-1870,2023-02-12 03:42:48.622,Tech District,vandalism,38.5,1,3,10.0,1,0,2.2,1.67,954.0,3.0
RPT-1871,2023-09-22 05:02:57.896,Downtown,vandalism,38.4,1,1,10.0,0,0,2.4,3.66,959.0,5.0
RPT-1872,2023-01-13 11:18:34.138,Downtown,noise,3.9,0,11,4.8,0,1,4.1,1.72,386.0,11.0
RPT-1873,2024-02-19 21:34:32.909,Downtown,lighting,13.6,0,1,6.4,0,0,5.0,3.99,505.0,21.0
RPT-1874,2023-08-28 22:11:55.275,Tech District,noise,6.8,1,1,6.8,0,0,4.0,1.28,673.0,22.0
RPT-1875,2023-05-30 12:16:22.068,Downtown,noise,2.5,1,2,5.1,0,0,1.4,0.04,541.0,12.0
RPT-1876,2024-07-13 15:12:22.521,Old Town,noise,5.4,0,1,3.5,1,1,4.6,4.06,185.0,15.0
RPT-1877,2024-02-21 23:32:41.417,Uptown,vandalism,35.6,1,2,9.3,0,0,3.0,3.07,980.0,23.0
RPT-1878,2023-01-26 16:27:55.240,Uptown,noise,7.7,0,1,3.5,0,0,3.8,0.51,337.0,16.0
RPT-1879,2024-12-11 18:04:16.944,Old Town,noise,1.5,0,2,3.4,0,1,3.2,2.66,301.0,18.0
RPT-1880,2023-03-15 12:10:57.696,Downtown,lighting,8.4,0,0,6.2,0,0,4.1,2.31,479.0,12.0
RPT-1881,2024-01-13 17:21:28.568,Downtown,pothole,71.0,1,1,5.9,1,1,4.3,8.72,686.0,17.0
RPT-1882,2024-03-07 13:18:46.569,Old Town,noise,1.6,0,2,2.4,0,0,4.8,0.0,147.0,13.0
RPT-1883,2023-05-14 10:17:18.708,Uptown,noise,4.0,0,2,6.1,1,1,4.0,1.29,497.0,10.0
RPT-1884,2024-05-05 08:42:16.102,Uptown,noise,13.0,1,2,6.6,1,1,4.3,5.36,724.0,8.0
RPT-1885,2024-07-12 05:59:13.082,Riverside,lighting,10.9,0,2,6.2,0,0,4.3,0.46,585.0,5.0
RPT-1886,2023-12-13 08:14:23.957,Riverside,noise,6.3,1,3,6.9,0,0,4.0,1.61,817.0,8.0
RPT-1887,2024-10-18 17:23:00.255,Downtown,noise,1.0,0,13,4.2,0,1,3.6,6.38,343.0,17.0
RPT-1888,2023-08-17 10:44:14.694,Tech District,lighting,3.9,0,1,5.5,0,0,3.9,4.61,495.0,10.0
RPT-1889,2023-06-25 18:29:32.858,Tech District,pothole,48.8,0,1,6.0,1,0,3.6,4.16,503.0,18.0
RPT-1890,2024-07-09 05:59:05.754,Downtown,vandalism,28.6,0,0,9.9,0,1,4.6,4.1,835.0,5.0
RPT-1891,2024-04-17 22:07:31.040,Tech District,noise,2.0,0,1,3.2,0,0,3.8,1.19,166.0,22.0
RPT-1892,2023-02-15 18:19:32.234,Uptown,vandalism,26.2,1,1,10.0,0,0,2.3,6.13,1000.0,18.0
RPT-1893,2024-12-19 08:07:53.935,Uptown,pothole,46.8,0,3,5.5,0,1,4.7,1.57,435.0,8.0
RPT-1894,2024-05-04 15:40:06.236,Tech District,noise,4.6,0,5,4.2,1,0,5.0,2.32,370.0,15.0
RPT-1895,2024-11-29 06:53:40.299,Riverside,noise,7.3,1,4,5.8,0,0,2.4,7.29,640.0,6.0
RPT-1896,2024-02-11 01:36:10.130,Downtown,pothole,48.5,0,1,8.7,1,1,4.4,0.0,681.0,1.0
RPT-1897,2024-12-20 03:05:09.091,Uptown,vandalism,36.7,1,1,10.0,0,0,3.6,5.86,986.0,3.0
RPT-1898,2024-12-23 06:16:28.475,Tech District,pothole,45.4,0,1,7.4,0,1,5.0,1.76,499.0,6.0
RPT-1899,2023-03-04 22:24:59.238,Downtown,pothole,52.0,0,1,3.4,1,0,5.0,0.42,274.0,22.0
RPT-1900,2024-02-09 14:29:12.866,Riverside,noise,7.7,0,1,4.6,0,1,3.6,3.38,328.0,14.0
RPT-1901,2023-04-02 16:59:40.112,Downtown,pothole,48.6,0,5,7.2,1,0,4.2,5.18,694.0,16.0
RPT-1902,2023-07-18 17:27:06.986,Downtown,noise,3.2,1,0,5.7,0,0,3.5,0.0,610.0,17.0
RPT-1903,2024-08-28 14:05:26.445,Downtown,pothole,41.6,0,3,8.3,0,0,4.5,3.47,607.0,14.0
RPT-1904,2024-10-09 09:35:18.597,Uptown,noise,2.5,0,0,2.9,0,0,3.9,1.48,193.0,9.0
RPT-1905,2024-04-25 01:32:18.316,Old Town,vandalism,22.8,0,1,7.4,0,0,4.2,0.8,681.0,1.0
RPT-1906,2024-09-26 14:32:36.907,Downtown,pothole,45.4,0,2,6.0,0,1,4.7,6.62,512.0,14.0
RPT-1907,2023-01-25 10:12:31.677,Riverside,vandalism,39.3,1,0,9.2,0,0,5.0,0.46,1000.0,10.0
RPT-1908,2024-11-01 02:57:25.677,Old Town,vandalism,35.7,1,5,10.0,0,0,4.2,0.0,964.0,2.0
RPT-1909,2024-11-20 19:05:28.600,Tech District,lighting,9.2,0,1,5.6,0,0,4.8,3.48,414.0,19.0
RPT-1910,2024-06-11 20:25:23.931,Uptown,pothole,49.1,0,0,6.2,0,0,4.3,2.83,503.0,20.0
RPT-1911,2023-06-10 04:03:59.939,Uptown,noise,8.4,1,1,3.6,1,0,3.6,3.95,463.0,4.0
RPT-1912,2024-09-03 12:15:25.110,Tech District,vandalism,35.7,1,4,8.3,0,0,3.1,1.15,776.0,12.0
RPT-1913,2024-08-14 08:54:24.972,Tech District,vandalism,21.9,0,2,9.2,0,0,4.3,1.26,706.0,8.0
RPT-1914,2024-04-27 01:06:30.471,Tech District,pothole,51.9,0,2,8.4,1,1,5.0,2.71,561.0,1.0
RPT-1915,2023-03-25 08:39:48.845,Tech District,vandalism,31.8,1,1,9.4,1,0,3.5,5.92,937.0,8.0
RPT-1916,2023-03-07 20:58:01.899,Riverside,lighting,15.2,0,1,7.1,0,0,5.0,3.57,469.0,20.0
RPT-1917,2024-05-13 11:44:20.843,Riverside,lighting,13.4,0,1,6.6,0,0,4.1,6.49,570.0,11.0
RPT-1918,2024-07-14 02:35:52.789,Old Town,lighting,19.7,1,15,8.6,1,0,2.9,2.55,835.0,2.0
RPT-1919,2023-10-05 13:04:51.474,Downtown,pothole,53.4,0,12,8.1,0,0,4.6,2.24,666.0,13.0
RPT-1920,2023-11-15 14:10:44.371,Downtown,lighting,12.9,0,5,6.1,0,0,3.6,0.0,412.0,14.0
RPT-1921,2024-12-19 09:58:47.087,Old Town,vandalism,21.6,0,2,6.6,0,0,4.6,1.99,519.0,9.0
RPT-1922,2023-04-18 14:43:41.496,Riverside,pothole,50.7,0,2,4.9,0,0,5.0,2.83,395.0,14.0
RPT-1923,2024-08-01 08:38:00.979,Riverside,noise,9.8,0,2,5.2,0,1,4.0,3.59,499.0,8.0
RPT-1924,2024-05-28 05:15:04.904,Downtown,noise,1.1,1,3,6.6,0,0,3.5,3.07,617.0,5.0
RPT-1925,2024-07-24 22:13:45.951,Old Town,vandalism,32.5,1,2,9.7,0,0,4.3,2.5,957.0,22.0
RPT-1926,2024-01-25 11:30:45.296,Uptown,pothole,48.0,0,1,5.0,0,1,3.0,4.43,378.0,11.0
RPT-1927,2024-01-03 20:49:40.708,Riverside,vandalism,38.1,1,2,9.9,0,0,3.1,4.78,961.0,20.0
RPT-1928,2024-12-28 01:52:25.572,Uptown,vandalism,23.4,0,3,10.0,1,1,3.4,1.19,682.0,1.0
RPT-1929,2023-12-11 10:20:34.307,Tech District,pothole,77.0,1,10,6.6,0,0,4.1,2.25,662.0,10.0
RPT-1930,2023-07-25 23:07:12.424,Downtown,noise,6.3,0,2,1.8,0,0,3.8,2.19,135.0,23.0
RPT-1931,2024-06-20 09:23:51.020,Riverside,noise,8.0,0,1,8.5,0,1,4.1,6.53,705.0,9.0
RPT-1932,2024-01-23 11:33:50.545,Tech District,noise,3.3,0,2,2.9,0,0,3.0,2.98,223.0,11.0
RPT-1933,2023-04-22 22:31:43.377,Riverside,pothole,46.7,0,1,4.3,1,0,4.3,3.77,285.0,22.0
RPT-1934,2023-09-17 09:06:02.902,Riverside,vandalism,26.8,0,1,5.3,1,0,3.7,1.87,517.0,9.0
RPT-1935,2023-08-13 18:29:46.018,Old Town,pothole,45.4,0,1,9.7,1,0,4.5,3.18,799.0,18.0
RPT-1936,2024-12-24 11:14:43.284,Uptown,lighting,19.6,0,3,3.5,0,1,4.2,0.0,281.0,11.0
RPT-1937,2023-11-25 01:32:38.892,Downtown,vandalism,41.1,1,0,10.0,1,0,4.0,4.95,937.0,1.0
RPT-1938,2024-05-20 12:21:11.506,Old Town,noise,7.8,0,18,3.7,0,1,5.0,1.39,269.0,12.0
RPT-1939,2023-05-30 13:23:39.685,Riverside,pothole,44.0,0,3,4.0,0,0,3.5,4.1,283.0,13.0
RPT-1940,2024-12-10 14:48:11.414,Downtown,vandalism,35.1,1,3,7.6,0,0,3.6,1.37,734.0,14.0
RPT-1941,2024-08-17 11:18:30.198,Uptown,vandalism,29.4,0,1,9.5,1,0,5.0,0.51,782.0,11.0
RPT-1942,2024-04-26 02:15:09.294,Downtown,pothole,45.9,0,3,5.2,0,0,4.2,0.05,463.0,2.0
RPT-1943,2023-07-06 05:54:12.523,Old Town,noise,5.2,0,1,3.4,0,0,4.4,0.67,254.0,5.0
RPT-1944,2024-02-14 10:58:46.602,Old Town,vandalism,33.4,1,3,8.7,0,1,3.0,5.33,949.0,10.0
RPT-1945,2023-08-26 23:50:08.250,Uptown,pothole,68.1,1,2,7.4,1,0,3.7,4.43,807.0,23.0
RPT-1946,2023-02-04 05:44:08.329,Riverside,pothole,46.5,0,7,8.6,1,0,3.3,3.04,767.0,5.0
RPT-1947,2024-05-23 22:58:12.717,Old Town,pothole,71.6,1,1,7.6,0,0,4.4,2.5,792.0,22.0
RPT-1948,2024-05-16 13:43:32.337,Tech District,noise,8.3,0,3,3.5,0,0,5.0,0.0,248.0,13.0
RPT-1949,2024-04-05 11:41:03.629,Tech District,lighting,11.3,0,1,6.5,0,0,3.1,0.96,439.0,11.0
RPT-1950,2024-03-20 18:19:04.496,Riverside,noise,2.5,0,4,2.1,0,0,5.0,3.19,223.0,18.0
RPT-1951,2024-10-17 05:57:32.795,Riverside,lighting,12.7,0,2,5.3,0,0,4.3,1.49,521.0,5.0
RPT-1952,2023-07-24 05:40:33.266,Downtown,lighting,10.6,0,14,5.0,0,0,5.0,5.33,467.0,5.0
RPT-1953,2023-05-21 17:26:14.121,Old Town,pothole,72.1,1,2,7.9,1,1,4.9,6.88,874.0,17.0
RPT-1954,2024-09-01 05:04:00.529,Tech District,vandalism,26.0,0,0,7.6,1,0,4.0,1.66,545.0,5.0
RPT-1955,2024-04-26 15:13:31.056,Tech District,pothole,70.3,1,2,10.0,0,1,3.0,5.23,1000.0,15.0
RPT-1956,2024-12-22 01:48:08.028,Tech District,noise,1.8,0,0,5.7,1,0,4.8,1.95,455.0,1.0
RPT-1957,2023-02-28 19:19:20.195,Tech District,vandalism,37.2,1,5,9.4,0,0,2.8,1.5,958.0,19.0
RPT-1958,2023-06-26 11:30:04.327,Uptown,vandalism,23.5,0,5,8.8,0,0,4.9,7.17,725.0,11.0
RPT-1959,2023-06-04 15:57:50.226,Riverside,noise,6.0,0,8,7.4,1,0,2.0,2.57,654.0,15.0
RPT-1960,2024-12-08 19:12:00.848,Downtown,lighting,14.9,0,0,8.8,1,0,5.0,3.8,719.0,19.0
RPT-1961,2023-04-13 04:36:58.627,Downtown,noise,4.1,1,1,4.0,0,1,3.1,4.0,470.0,4.0
RPT-1962,2023-09-25 23:35:54.014,Riverside,noise,9.8,0,0,5.8,0,0,4.0,4.73,444.0,23.0
RPT-1963,2024-05-28 12:27:50.323,Riverside,noise,1.0,0,3,4.5,0,0,4.6,0.0,387.0,12.0
RPT-1964,2023-02-18 22:04:04.298,Tech District,lighting,6.3,0,3,6.2,1,0,3.8,4.35,356.0,22.0
RPT-1965,2023-01-17 20:20:51.902,Uptown,pothole,51.3,0,0,8.9,0,0,4.7,6.07,741.0,20.0
RPT-1966,2023-01-28 09:29:47.160,Uptown,pothole,45.9,0,6,6.2,1,0,3.0,4.33,489.0,9.0
RPT-1967,2024-07-17 15:19:01.458,Riverside,lighting,9.6,0,7,2.9,0,1,5.0,4.46,294.0,15.0
RPT-1968,2023-01-07 22:04:40.707,Downtown,pothole,50.4,0,0,9.1,1,0,3.5,5.96,652.0,22.0
RPT-1969,2024-02-12 01:55:01.145,Uptown,noise,6.6,0,1,1.2,0,1,4.0,0.47,98.0,1.0
RPT-1970,2024-11-12 13:18:45.849,Uptown,pothole,77.3,1,2,9.3,0,1,4.0,0.0,1000.0,13.0
RPT-1971,2023-07-07 19:40:21.162,Old Town,lighting,17.8,1,1,6.7,0,0,3.4,3.21,721.0,19.0
RPT-1972,2024-06-14 12:48:55.862,Downtown,pothole,49.9,0,2,5.4,0,0,5.0,0.0,338.0,12.0
RPT-1973,2024-05-30 12:23:26.796,Uptown,noise,2.2,0,3,3.1,0,0,4.5,3.95,282.0,12.0
RPT-1974,2024-06-11 10:30:45.702,Tech District,lighting,10.6,0,12,4.4,0,1,3.8,2.91,419.0,10.0
RPT-1975,2023-03-14 00:06:36.252,Tech District,noise,1.0,0,9,5.1,0,0,2.8,1.57,373.0,0.0
RPT-1976,2024-12-13 02:20:50.392,Uptown,noise,8.7,1,2,6.8,0,0,3.5,0.0,759.0,2.0
RPT-1977,2024-10-29 18:30:05.990,Tech District,pothole,49.4,0,2,8.2,0,1,4.8,4.57,702.0,18.0
RPT-1978,2023-01-09 21:54:39.504,Downtown,lighting,16.2,1,2,5.3,0,1,2.8,2.19,637.0,21.0
RPT-1979,2024-08-15 17:44:39.391,Uptown,noise,4.8,0,2,4.0,0,1,3.6,3.25,414.0,17.0
RPT-1980,2023-04-03 08:37:10.540,Riverside,lighting,10.8,0,0,6.0,0,1,4.1,4.21,548.0,8.0
RPT-1981,2023-11-29 21:49:12.438,Old Town,vandalism,37.1,1,16,8.9,0,1,3.1,1.87,943.0,21.0
RPT-1982,2023-08-26 12:41:43.022,Uptown,noise,5.6,0,2,4.1,1,0,4.0,0.0,335.0,12.0
RPT-1983,2024-05-24 07:27:01.969,Old Town,pothole,48.1,0,6,5.9,0,0,4.6,6.15,509.0,7.0
RPT-1984,2023-01-29 15:07:36.930,Riverside,vandalism,36.4,1,2,10.0,1,0,2.5,5.31,1000.0,15.0
RPT-1985,2024-08-04 22:52:03.074,Riverside,lighting,10.9,0,1,5.0,1,0,4.7,1.82,477.0,22.0
RPT-1986,2024-08-14 13:52:45.511,Uptown,noise,1.7,0,2,1.4,0,0,3.3,2.98,47.0,13.0
RPT-1987,2023-07-18 12:45:15.788,Uptown,vandalism,24.0,0,0,8.2,0,1,4.7,0.92,740.0,12.0
RPT-1988,2024-11-24 22:48:53.366,Tech District,pothole,48.7,0,5,7.1,1,0,3.5,1.01,602.0,22.0
RPT-1989,2024-07-27 16:26:04.897,Downtown,lighting,10.7,0,0,4.7,1,0,3.9,1.76,341.0,16.0
RPT-1990,2024-04-03 13:09:37.457,Tech District,vandalism,36.9,1,0,10.0,0,0,2.0,0.06,1000.0,13.0
RPT-1991,2023-04-26 22:40:29.391,Downtown,lighting,9.8,0,3,6.1,0,0,5.0,2.83,520.0,22.0
RPT-1992,2023-03-24 09:25:11.238,Riverside,noise,3.2,0,1,7.7,0,0,5.0,3.02,635.0,9.0
RPT-1993,2024-06-23 22:51:17.558,Old Town,pothole,76.1,1,12,7.5,1,0,3.4,3.87,699.0,22.0
RPT-1994,2023-04-09 22:42:16.516,Old Town,lighting,14.6,0,3,8.6,1,0,4.0,4.74,679.0,22.0
RPT-1995,2024-09-20 05:34:40.302,Downtown,pothole,53.1,0,0,5.9,0,0,4.8,1.45,540.0,5.0
RPT-1996,2023-04-13 04:56:37.993,Downtown,noise,13.4,1,13,5.9,0,1,4.2,2.97,524.0,4.0
RPT-1997,2023-01-04 00:03:29.519,Riverside,pothole,46.1,0,1,7.2,0,1,3.9,1.35,523.0,0.0
RPT-1998,2024-02-09 05:35:04.879,Downtown,pothole,45.9,0,1,7.7,0,0,3.8,3.68,638.0,5.0
RPT-1999,2024-10-09 01:42:32.252,Uptown,lighting,2.9,0,3,3.4,0,1,3.4,2.1,234.0,1.0
